timestamp	status	error	elapsed_seconds	sites	holes	nup	ndown	dim	lattice_m	lattice_n	lattice_mp	lattice_np	t	J_over_t	tcoef	Jcoef	exact_ground_energy
2026-05-09T16:19:15	ok		0.699409007	6	0	3	3	20	1	1	0	3	1.0	0.0	-1.0	0.0	0.0
2026-05-09T16:19:16	ok		0.000159235	6	0	3	3	20	1	1	0	3	1.0	0.1	-1.0	0.1	-0.6000000000000001
2026-05-09T16:19:16	ok		0.000104174	6	0	3	3	20	1	1	0	3	1.0	0.2	-1.0	0.2	-1.1999999999999995
2026-05-09T16:19:16	ok		0.000101884	6	0	3	3	20	1	1	0	3	1.0	0.3	-1.0	0.3	-1.799999999999999
2026-05-09T16:19:16	ok		9.7563e-5	6	0	3	3	20	1	1	0	3	1.0	0.4	-1.0	0.4	-2.4000000000000004
2026-05-09T16:19:16	ok		9.3283e-5	6	0	3	3	20	1	1	0	3	1.0	0.5	-1.0	0.5	-3.0
2026-05-09T16:19:16	ok		9.4041e-5	6	0	3	3	20	1	1	0	3	1.0	0.6	-1.0	0.6	-3.600000000000001
2026-05-09T16:19:16	ok		9.4771e-5	6	0	3	3	20	1	1	0	3	1.0	0.7	-1.0	0.7	-4.200000000000003
2026-05-09T16:19:16	ok		9.4718e-5	6	0	3	3	20	1	1	0	3	1.0	0.8	-1.0	0.8	-4.8
2026-05-09T16:19:16	ok		8.4863e-5	6	0	3	3	20	1	1	0	3	1.0	0.9	-1.0	0.9	-5.4
2026-05-09T16:19:16	ok		8.7294e-5	6	0	3	3	20	1	1	0	3	1.0	1.0	-1.0	1.0	-5.999999999999997
2026-05-09T16:19:16	ok		0.0009496	6	1	3	2	60	1	1	0	3	1.0	0.0	-1.0	0.0	-3.0000000000000004
2026-05-09T16:19:16	ok		0.000142635	6	1	3	2	60	1	1	0	3	1.0	0.1	-1.0	0.1	-3.36359566462299
2026-05-09T16:19:16	ok		0.000140086	6	1	3	2	60	1	1	0	3	1.0	0.2	-1.0	0.2	-3.732870695787158
2026-05-09T16:19:16	ok		0.000116883	6	1	3	2	60	1	1	0	3	1.0	0.3	-1.0	0.3	-4.106237287862204
2026-05-09T16:19:16	ok		0.000124905	6	1	3	2	60	1	1	0	3	1.0	0.4	-1.0	0.4	-4.482688721117117
2026-05-09T16:19:16	ok		0.000122959	6	1	3	2	60	1	1	0	3	1.0	0.5	-1.0	0.5	-4.861555498681223
2026-05-09T16:19:16	ok		0.00011979	6	1	3	2	60	1	1	0	3	1.0	0.6	-1.0	0.6	-5.242372858279294
2026-05-09T16:19:16	ok		0.00011593	6	1	3	2	60	1	1	0	3	1.0	0.7	-1.0	0.7	-5.624805708064448
2026-05-09T16:19:16	ok		0.000112422	6	1	3	2	60	1	1	0	3	1.0	0.8	-1.0	0.8	-6.008604309148183
2026-05-09T16:19:16	ok		0.00011555	6	1	3	2	60	1	1	0	3	1.0	0.9	-1.0	0.9	-6.393577088492804
2026-05-09T16:19:16	ok		0.000114242	6	1	3	2	60	1	1	0	3	1.0	1.0	-1.0	1.0	-6.779573366929339
2026-05-09T16:19:17	ok		0.000204758	6	2	2	2	90	1	1	0	3	1.0	0.0	-1.0	0.0	-3.7416573867739404
2026-05-09T16:19:17	ok		0.000185996	6	2	2	2	90	1	1	0	3	1.0	0.1	-1.0	0.1	-3.8884155333018002
2026-05-09T16:19:17	ok		0.000237269	6	2	2	2	90	1	1	0	3	1.0	0.2	-1.0	0.2	-4.035835174030602
2026-05-09T16:19:17	ok		0.000187516	6	2	2	2	90	1	1	0	3	1.0	0.3	-1.0	0.3	-4.18391958587742
2026-05-09T16:19:17	ok		0.000202903	6	2	2	2	90	1	1	0	3	1.0	0.4	-1.0	0.4	-4.332671717657045
2026-05-09T16:19:17	ok		0.00017736	6	2	2	2	90	1	1	0	3	1.0	0.5	-1.0	0.5	-4.482094178973749
2026-05-09T16:19:17	ok		0.00023195	6	2	2	2	90	1	1	0	3	1.0	0.6	-1.0	0.6	-4.632189229833211
2026-05-09T16:19:17	ok		0.000230832	6	2	2	2	90	1	1	0	3	1.0	0.7	-1.0	0.7	-4.7829587710542505
2026-05-09T16:19:17	ok		0.000262514	6	2	2	2	90	1	1	0	3	1.0	0.8	-1.0	0.8	-4.945282499008184
2026-05-09T16:19:17	ok		0.000187616	6	2	2	2	90	1	1	0	3	1.0	0.9	-1.0	0.9	-5.196682500732814
2026-05-09T16:19:17	ok		0.000240398	6	2	2	2	90	1	1	0	3	1.0	1.0	-1.0	1.0	-5.449489742783179
2026-05-09T16:19:17	ok		0.000151725	8	0	4	4	70	2	0	0	2	1.0	0.0	-1.0	0.0	0.0
2026-05-09T16:19:17	ok		0.000183915	8	0	4	4	70	2	0	0	2	1.0	0.1	-1.0	0.1	-0.7820089374374792
2026-05-09T16:19:17	ok		0.000161258	8	0	4	4	70	2	0	0	2	1.0	0.2	-1.0	0.2	-1.5640178748749576
2026-05-09T16:19:17	ok		0.000160862	8	0	4	4	70	2	0	0	2	1.0	0.3	-1.0	0.3	-2.346026812312436
2026-05-09T16:19:17	ok		0.000155189	8	0	4	4	70	2	0	0	2	1.0	0.4	-1.0	0.4	-3.128035749749915
2026-05-09T16:19:17	ok		0.000119826	8	0	4	4	70	2	0	0	2	1.0	0.5	-1.0	0.5	-3.9100446871873924
2026-05-09T16:19:17	ok		0.00013221	8	0	4	4	70	2	0	0	2	1.0	0.6	-1.0	0.6	-4.692053624624872
2026-05-09T16:19:17	ok		0.000129463	8	0	4	4	70	2	0	0	2	1.0	0.7	-1.0	0.7	-5.47406256206235
2026-05-09T16:19:17	ok		0.000152407	8	0	4	4	70	2	0	0	2	1.0	0.8	-1.0	0.8	-6.256071499499833
2026-05-09T16:19:17	ok		0.000123183	8	0	4	4	70	2	0	0	2	1.0	0.9	-1.0	0.9	-7.0380804369373084
2026-05-09T16:19:17	ok		0.000133413	8	0	4	4	70	2	0	0	2	1.0	1.0	-1.0	1.0	-7.820089374374786
2026-05-09T16:19:17	ok		0.000563284	8	1	4	3	280	2	0	0	2	1.0	0.0	-1.0	0.0	-2.999999999999999
2026-05-09T16:19:17	ok		0.000560299	8	1	4	3	280	2	0	0	2	1.0	0.1	-1.0	0.1	-3.5363471260726413
2026-05-09T16:19:17	ok		0.000425963	8	1	4	3	280	2	0	0	2	1.0	0.2	-1.0	0.2	-4.090597105653039
2026-05-09T16:19:17	ok		0.000420956	8	1	4	3	280	2	0	0	2	1.0	0.3	-1.0	0.3	-4.6514337061727815
2026-05-09T16:19:17	ok		0.000409237	8	1	4	3	280	2	0	0	2	1.0	0.4	-1.0	0.4	-5.216046654585884
2026-05-09T16:19:17	ok		0.000426456	8	1	4	3	280	2	0	0	2	1.0	0.5	-1.0	0.5	-5.783268910045467
2026-05-09T16:19:17	ok		0.000319035	8	1	4	3	280	2	0	0	2	1.0	0.6	-1.0	0.6	-6.352474712047726
2026-05-09T16:19:17	ok		0.00032256	8	1	4	3	280	2	0	0	2	1.0	0.7	-1.0	0.7	-6.923275156838135
2026-05-09T16:19:17	ok		0.000316869	8	1	4	3	280	2	0	0	2	1.0	0.8	-1.0	0.8	-7.495404633510848
2026-05-09T16:19:17	ok		0.000316785	8	1	4	3	280	2	0	0	2	1.0	0.9	-1.0	0.9	-8.06866965049032
2026-05-09T16:19:17	ok		0.000376751	8	1	4	3	280	2	0	0	2	1.0	1.0	-1.0	1.0	-8.642922572912983
2026-05-09T16:19:18	ok		0.001911306	8	2	3	3	560	2	0	0	2	1.0	0.0	-1.0	0.0	-4.788340341942647
2026-05-09T16:19:18	ok		0.00117352	8	2	3	3	560	2	0	0	2	1.0	0.1	-1.0	0.1	-4.9596731135343815
2026-05-09T16:19:18	ok		0.001299866	8	2	3	3	560	2	0	0	2	1.0	0.2	-1.0	0.2	-5.1447974842909785
2026-05-09T16:19:18	ok		0.001176064	8	2	3	3	560	2	0	0	2	1.0	0.3	-1.0	0.3	-5.442673320340636
2026-05-09T16:19:18	ok		0.001190476	8	2	3	3	560	2	0	0	2	1.0	0.4	-1.0	0.4	-5.746478458815616
2026-05-09T16:19:18	ok		0.001232986	8	2	3	3	560	2	0	0	2	1.0	0.5	-1.0	0.5	-6.054658745708329
2026-05-09T16:19:18	ok		0.001003947	8	2	3	3	560	2	0	0	2	1.0	0.6	-1.0	0.6	-6.457584717006745
2026-05-09T16:19:18	ok		0.000854336	8	2	3	3	560	2	0	0	2	1.0	0.7	-1.0	0.7	-6.86984443801877
2026-05-09T16:19:18	ok		0.000864685	8	2	3	3	560	2	0	0	2	1.0	0.8	-1.0	0.8	-7.28533221908741
2026-05-09T16:19:18	ok		0.000867934	8	2	3	3	560	2	0	0	2	1.0	0.9	-1.0	0.9	-7.703338514217665
2026-05-09T16:19:18	ok		0.000876388	8	2	3	3	560	2	0	0	2	1.0	1.0	-1.0	1.0	-8.123461155819156
2026-05-09T16:19:18	ok		0.000268419	10	0	5	5	252	2	1	1	3	1.0	0.0	-1.0	0.0	0.0
2026-05-09T16:19:18	ok		0.000349238	10	0	5	5	252	2	1	1	3	1.0	0.1	-1.0	0.1	-0.9644533580599587
2026-05-09T16:19:18	ok		0.000315017	10	0	5	5	252	2	1	1	3	1.0	0.2	-1.0	0.2	-1.9289067161199165
2026-05-09T16:19:18	ok		0.000309694	10	0	5	5	252	2	1	1	3	1.0	0.3	-1.0	0.3	-2.8933600741798764
2026-05-09T16:19:18	ok		0.000384543	10	0	5	5	252	2	1	1	3	1.0	0.4	-1.0	0.4	-3.8578134322398343
2026-05-09T16:19:18	ok		0.000359954	10	0	5	5	252	2	1	1	3	1.0	0.5	-1.0	0.5	-4.82226679029979
2026-05-09T16:19:18	ok		0.00029601	10	0	5	5	252	2	1	1	3	1.0	0.6	-1.0	0.6	-5.7867201483597555
2026-05-09T16:19:18	ok		0.000287098	10	0	5	5	252	2	1	1	3	1.0	0.7	-1.0	0.7	-6.751173506419703
2026-05-09T16:19:18	ok		0.000303416	10	0	5	5	252	2	1	1	3	1.0	0.8	-1.0	0.8	-7.715626864479668
2026-05-09T16:19:18	ok		0.000291122	10	0	5	5	252	2	1	1	3	1.0	0.9	-1.0	0.9	-8.680080222539628
2026-05-09T16:19:18	ok		0.000308652	10	0	5	5	252	2	1	1	3	1.0	1.0	-1.0	1.0	-9.64453358059959
2026-05-09T16:19:18	ok		0.003312536	10	1	5	4	1260	2	1	1	3	1.0	0.0	-1.0	0.0	-3.000000000000001
2026-05-09T16:19:18	ok		0.00213827	10	1	5	4	1260	2	1	1	3	1.0	0.1	-1.0	0.1	-3.7154886560879112
2026-05-09T16:19:18	ok		0.002136111	10	1	5	4	1260	2	1	1	3	1.0	0.2	-1.0	0.2	-4.456158353928359
2026-05-09T16:19:18	ok		0.001783034	10	1	5	4	1260	2	1	1	3	1.0	0.3	-1.0	0.3	-5.203742201686273
2026-05-09T16:19:18	ok		0.001440365	10	1	5	4	1260	2	1	1	3	1.0	0.4	-1.0	0.4	-5.955115638480297
2026-05-09T16:19:18	ok		0.001464828	10	1	5	4	1260	2	1	1	3	1.0	0.5	-1.0	0.5	-6.709071868999066
2026-05-09T16:19:18	ok		0.001461882	10	1	5	4	1260	2	1	1	3	1.0	0.6	-1.0	0.6	-7.464982218306627
2026-05-09T16:19:18	ok		0.001791796	10	1	5	4	1260	2	1	1	3	1.0	0.7	-1.0	0.7	-8.222461681238645
2026-05-09T16:19:18	ok		0.001480178	10	1	5	4	1260	2	1	1	3	1.0	0.8	-1.0	0.8	-8.981249474698847
2026-05-09T16:19:18	ok		0.001452206	10	1	5	4	1260	2	1	1	3	1.0	0.9	-1.0	0.9	-9.74115652946254
2026-05-09T16:19:18	ok		0.001446097	10	1	5	4	1260	2	1	1	3	1.0	1.0	-1.0	1.0	-10.502038975859417
2026-05-09T16:19:18	ok		0.010264873	10	2	4	4	3150	2	1	1	3	1.0	0.0	-1.0	0.0	-5.106369186455887
2026-05-09T16:19:18	ok		0.010741427	10	2	4	4	3150	2	1	1	3	1.0	0.1	-1.0	0.1	-5.4657414858668725
2026-05-09T16:19:18	ok		0.011010206	10	2	4	4	3150	2	1	1	3	1.0	0.2	-1.0	0.2	-5.881032901849433
2026-05-09T16:19:18	ok		0.010311836	10	2	4	4	3150	2	1	1	3	1.0	0.3	-1.0	0.3	-6.3530258288972075
2026-05-09T16:19:18	ok		0.007760777	10	2	4	4	3150	2	1	1	3	1.0	0.4	-1.0	0.4	-6.927813176798315
2026-05-09T16:19:19	ok		0.006765976	10	2	4	4	3150	2	1	1	3	1.0	0.5	-1.0	0.5	-7.510307666683832
2026-05-09T16:19:19	ok		0.005993696	10	2	4	4	3150	2	1	1	3	1.0	0.6	-1.0	0.6	-8.097359167506237
2026-05-09T16:19:19	ok		0.006060353	10	2	4	4	3150	2	1	1	3	1.0	0.7	-1.0	0.7	-8.687701584596372
2026-05-09T16:19:19	ok		0.00594834	10	2	4	4	3150	2	1	1	3	1.0	0.8	-1.0	0.8	-9.280655193957656
2026-05-09T16:19:19	ok		0.00590938	10	2	4	4	3150	2	1	1	3	1.0	0.9	-1.0	0.9	-9.875792455429206
2026-05-09T16:19:19	ok		0.005031998	10	2	4	4	3150	2	1	1	3	1.0	1.0	-1.0	1.0	-10.472818150697414
2026-05-09T16:19:19	ok		0.001608745	12	0	6	6	924	3	0	0	2	1.0	0.0	-1.0	0.0	0.0
2026-05-09T16:19:19	ok		0.001143223	12	0	6	6	924	3	0	0	2	1.0	0.1	-1.0	0.1	-1.1430861488284998
2026-05-09T16:19:19	ok		0.000832981	12	0	6	6	924	3	0	0	2	1.0	0.2	-1.0	0.2	-2.2861722976570014
2026-05-09T16:19:19	ok		0.001096691	12	0	6	6	924	3	0	0	2	1.0	0.3	-1.0	0.3	-3.429258446485495
2026-05-09T16:19:19	ok		0.001099577	12	0	6	6	924	3	0	0	2	1.0	0.4	-1.0	0.4	-4.572344595313996
2026-05-09T16:19:19	ok		0.001102062	12	0	6	6	924	3	0	0	2	1.0	0.5	-1.0	0.5	-5.7154307441424885
2026-05-09T16:19:19	ok		0.00111073	12	0	6	6	924	3	0	0	2	1.0	0.6	-1.0	0.6	-6.8585168929709965
2026-05-09T16:19:19	ok		0.001089865	12	0	6	6	924	3	0	0	2	1.0	0.7	-1.0	0.7	-8.001603041799484
2026-05-09T16:19:19	ok		0.001082395	12	0	6	6	924	3	0	0	2	1.0	0.8	-1.0	0.8	-9.144689190627988
2026-05-09T16:19:19	ok		0.001099432	12	0	6	6	924	3	0	0	2	1.0	0.9	-1.0	0.9	-10.287775339456495
2026-05-09T16:19:19	ok		0.001093631	12	0	6	6	924	3	0	0	2	1.0	1.0	-1.0	1.0	-11.430861488284995
2026-05-09T16:19:19	ok		0.012978705	12	1	6	5	5544	3	0	0	2	1.0	0.0	-1.0	0.0	-3.0000000000000013
2026-05-09T16:19:19	ok		0.010299662	12	1	6	5	5544	3	0	0	2	1.0	0.1	-1.0	0.1	-3.8952658219427954
2026-05-09T16:19:19	ok		0.009138019	12	1	6	5	5544	3	0	0	2	1.0	0.2	-1.0	0.2	-4.819597026733223
2026-05-09T16:19:19	ok		0.00874072	12	1	6	5	5544	3	0	0	2	1.0	0.3	-1.0	0.3	-5.750566846964788
2026-05-09T16:19:19	ok		0.009022098	12	1	6	5	5544	3	0	0	2	1.0	0.4	-1.0	0.4	-6.685183115630169
2026-05-09T16:19:19	ok		0.009295742	12	1	6	5	5544	3	0	0	2	1.0	0.5	-1.0	0.5	-7.622297003802308
2026-05-09T16:19:19	ok		0.009058435	12	1	6	5	5544	3	0	0	2	1.0	0.6	-1.0	0.6	-8.561305500986059
2026-05-09T16:19:19	ok		0.009115232	12	1	6	5	5544	3	0	0	2	1.0	0.7	-1.0	0.7	-9.501837662290914
2026-05-09T16:19:19	ok		0.008982622	12	1	6	5	5544	3	0	0	2	1.0	0.8	-1.0	0.8	-10.443641935580235
2026-05-09T16:19:19	ok		0.007531957	12	1	6	5	5544	3	0	0	2	1.0	0.9	-1.0	0.9	-11.38653607384925
2026-05-09T16:19:19	ok		0.008891873	12	1	6	5	5544	3	0	0	2	1.0	1.0	-1.0	1.0	-12.330381604091688
2026-05-09T16:19:20	ok		0.089235541	12	2	5	5	16632	3	0	0	2	1.0	0.0	-1.0	0.0	-5.243620100975759
2026-05-09T16:19:20	ok		0.08574218	12	2	5	5	16632	3	0	0	2	1.0	0.1	-1.0	0.1	-5.793963802217835
2026-05-09T16:19:20	ok		0.072985279	12	2	5	5	16632	3	0	0	2	1.0	0.2	-1.0	0.2	-6.436600337616335
2026-05-09T16:19:20	ok		0.065619437	12	2	5	5	16632	3	0	0	2	1.0	0.3	-1.0	0.3	-7.097297419046745
2026-05-09T16:19:20	ok		0.073731827	12	2	5	5	16632	3	0	0	2	1.0	0.4	-1.0	0.4	-7.7662693978755675
2026-05-09T16:19:20	ok		0.058605222	12	2	5	5	16632	3	0	0	2	1.0	0.5	-1.0	0.5	-8.528749248197759
2026-05-09T16:19:20	ok		0.052189788	12	2	5	5	16632	3	0	0	2	1.0	0.6	-1.0	0.6	-9.297920911323697
2026-05-09T16:19:20	ok		0.045469381	12	2	5	5	16632	3	0	0	2	1.0	0.7	-1.0	0.7	-10.07032106031999
2026-05-09T16:19:20	ok		0.045206873	12	2	5	5	16632	3	0	0	2	1.0	0.8	-1.0	0.8	-10.845265013639866
2026-05-09T16:19:20	ok		0.054508181	12	2	5	5	16632	3	0	0	2	1.0	0.9	-1.0	0.9	-11.622318968037908
2026-05-09T16:19:20	ok		0.042908116	12	2	5	5	16632	3	0	0	2	1.0	1.0	-1.0	1.0	-12.401182116111661
2026-05-09T16:19:21	ok		0.002599019	14	0	7	7	3432	2	1	1	4	1.0	0.0	-1.0	0.0	0.0
2026-05-09T16:19:21	ok		0.003887809	14	0	7	7	3432	2	1	1	4	1.0	0.1	-1.0	0.1	-1.3208960117478823
2026-05-09T16:19:21	ok		0.0039038	14	0	7	7	3432	2	1	1	4	1.0	0.2	-1.0	0.2	-2.6417920234957597
2026-05-09T16:19:21	ok		0.003728517	14	0	7	7	3432	2	1	1	4	1.0	0.3	-1.0	0.3	-3.9626880352436493
2026-05-09T16:19:21	ok		0.003776433	14	0	7	7	3432	2	1	1	4	1.0	0.4	-1.0	0.4	-5.28358404699153
2026-05-09T16:19:21	ok		0.003759212	14	0	7	7	3432	2	1	1	4	1.0	0.5	-1.0	0.5	-6.604480058739409
2026-05-09T16:19:21	ok		0.003918288	14	0	7	7	3432	2	1	1	4	1.0	0.6	-1.0	0.6	-7.925376070487287
2026-05-09T16:19:21	ok		0.004094009	14	0	7	7	3432	2	1	1	4	1.0	0.7	-1.0	0.7	-9.246272082235173
2026-05-09T16:19:21	ok		0.004008458	14	0	7	7	3432	2	1	1	4	1.0	0.8	-1.0	0.8	-10.567168093983064
2026-05-09T16:19:21	ok		0.004058026	14	0	7	7	3432	2	1	1	4	1.0	0.9	-1.0	0.9	-11.888064105730944
2026-05-09T16:19:21	ok		0.004021805	14	0	7	7	3432	2	1	1	4	1.0	1.0	-1.0	1.0	-13.208960117478812
2026-05-09T16:19:21	ok		0.0775744	14	1	7	6	24024	2	1	1	4	1.0	0.0	-1.0	0.0	-3.000000000000003
2026-05-09T16:19:21	ok		0.062387328	14	1	7	6	24024	2	1	1	4	1.0	0.1	-1.0	0.1	-4.072117124419229
2026-05-09T16:19:21	ok		0.063242117	14	1	7	6	24024	2	1	1	4	1.0	0.2	-1.0	0.2	-5.176723137392347
2026-05-09T16:19:22	ok		0.063714511	14	1	7	6	24024	2	1	1	4	1.0	0.3	-1.0	0.3	-6.288061632454557
2026-05-09T16:19:22	ok		0.050992389	14	1	7	6	24024	2	1	1	4	1.0	0.4	-1.0	0.4	-7.4031008961363955
2026-05-09T16:19:22	ok		0.05090528	14	1	7	6	24024	2	1	1	4	1.0	0.5	-1.0	0.5	-8.520664527148165
2026-05-09T16:19:22	ok		0.052919489	14	1	7	6	24024	2	1	1	4	1.0	0.6	-1.0	0.6	-9.640133877052612
2026-05-09T16:19:22	ok		0.051317273	14	1	7	6	24024	2	1	1	4	1.0	0.7	-1.0	0.7	-10.761129651386025
2026-05-09T16:19:22	ok		0.04274037	14	1	7	6	24024	2	1	1	4	1.0	0.8	-1.0	0.8	-11.883395916140543
2026-05-09T16:19:22	ok		0.054166455	14	1	7	6	24024	2	1	1	4	1.0	0.9	-1.0	0.9	-13.006748169702206
2026-05-09T16:19:22	ok		0.046807801	14	1	7	6	24024	2	1	1	4	1.0	1.0	-1.0	1.0	-14.13104683129303
2026-05-09T16:19:23	ok		0.444740538	14	2	6	6	84084	2	1	1	4	1.0	0.0	-1.0	0.0	-5.248299562840815
2026-05-09T16:19:24	ok		0.724310439	14	2	6	6	84084	2	1	1	4	1.0	0.1	-1.0	0.1	-5.7701009674453
2026-05-09T16:19:24	ok		0.665935947	14	2	6	6	84084	2	1	1	4	1.0	0.2	-1.0	0.2	-6.562473139676865
2026-05-09T16:19:25	ok		0.430115427	14	2	6	6	84084	2	1	1	4	1.0	0.3	-1.0	0.3	-7.384047002391988
2026-05-09T16:19:25	ok		0.388068926	14	2	6	6	84084	2	1	1	4	1.0	0.4	-1.0	0.4	-8.235316118472515
2026-05-09T16:19:26	ok		0.310109583	14	2	6	6	84084	2	1	1	4	1.0	0.5	-1.0	0.5	-9.1659732634194
2026-05-09T16:19:26	ok		0.275487056	14	2	6	6	84084	2	1	1	4	1.0	0.6	-1.0	0.6	-10.108516988320183
2026-05-09T16:19:26	ok		0.274077831	14	2	6	6	84084	2	1	1	4	1.0	0.7	-1.0	0.7	-11.057690644647346
2026-05-09T16:19:27	ok		0.234862542	14	2	6	6	84084	2	1	1	4	1.0	0.8	-1.0	0.8	-12.011224468040462
2026-05-09T16:19:27	ok		0.233871844	14	2	6	6	84084	2	1	1	4	1.0	0.9	-1.0	0.9	-12.967955624914126
2026-05-09T16:19:27	ok		0.235528875	14	2	6	6	84084	2	1	1	4	1.0	1.0	-1.0	1.0	-13.927205723664581
2026-05-09T16:19:28	ok		0.013174523	16	0	8	8	12870	4	0	0	2	1.0	0.0	-1.0	0.0	0.0
2026-05-09T16:19:28	ok		0.020305484	16	0	8	8	12870	4	0	0	2	1.0	0.1	-1.0	0.1	-1.511956208842052
2026-05-09T16:19:28	ok		0.025273098	16	0	8	8	12870	4	0	0	2	1.0	0.2	-1.0	0.2	-3.023912417684103
2026-05-09T16:19:28	ok		0.025998064	16	0	8	8	12870	4	0	0	2	1.0	0.3	-1.0	0.3	-4.535868626526157
2026-05-09T16:19:28	ok		0.021411443	16	0	8	8	12870	4	0	0	2	1.0	0.4	-1.0	0.4	-6.04782483536821
2026-05-09T16:19:28	ok		0.027391911	16	0	8	8	12870	4	0	0	2	1.0	0.5	-1.0	0.5	-7.559781044210261
2026-05-09T16:19:28	ok		0.022273035	16	0	8	8	12870	4	0	0	2	1.0	0.6	-1.0	0.6	-9.071737253052296
2026-05-09T16:19:28	ok		0.027639972	16	0	8	8	12870	4	0	0	2	1.0	0.7	-1.0	0.7	-10.58369346189436
2026-05-09T16:19:28	ok		0.026910394	16	0	8	8	12870	4	0	0	2	1.0	0.8	-1.0	0.8	-12.095649670736412
2026-05-09T16:19:28	ok		0.026816314	16	0	8	8	12870	4	0	0	2	1.0	0.9	-1.0	0.9	-13.607605879578449
2026-05-09T16:19:28	ok		0.021795877	16	0	8	8	12870	4	0	0	2	1.0	1.0	-1.0	1.0	-15.11956208842052
2026-05-09T16:19:30	ok		0.590936939	16	1	8	7	102960	4	0	0	2	1.0	0.0	-1.0	0.0	-3.0000000000000027
2026-05-09T16:19:31	ok		0.583027531	16	1	8	7	102960	4	0	0	2	1.0	0.1	-1.0	0.1	-4.261792029831745
2026-05-09T16:19:31	ok		0.335470301	16	1	8	7	102960	4	0	0	2	1.0	0.2	-1.0	0.2	-5.5589438401372995
2026-05-09T16:19:32	ok		0.284404631	16	1	8	7	102960	4	0	0	2	1.0	0.3	-1.0	0.3	-6.862736998658036
2026-05-09T16:19:32	ok		0.297129258	16	1	8	7	102960	4	0	0	2	1.0	0.4	-1.0	0.4	-8.170088937091453
2026-05-09T16:19:32	ok		0.290244174	16	1	8	7	102960	4	0	0	2	1.0	0.5	-1.0	0.5	-9.479863876040906
2026-05-09T16:19:32	ok		0.301789567	16	1	8	7	102960	4	0	0	2	1.0	0.6	-1.0	0.6	-10.791477682566185
2026-05-09T16:19:33	ok		0.290760277	16	1	8	7	102960	4	0	0	2	1.0	0.7	-1.0	0.7	-12.104574032892717
2026-05-09T16:19:33	ok		0.293991419	16	1	8	7	102960	4	0	0	2	1.0	0.8	-1.0	0.8	-13.418911804835563
2026-05-09T16:19:33	ok		0.305764016	16	1	8	7	102960	4	0	0	2	1.0	0.9	-1.0	0.9	-14.734316154298917
2026-05-09T16:19:34	ok		0.293381035	16	1	8	7	102960	4	0	0	2	1.0	1.0	-1.0	1.0	-16.05065394790898
2026-05-09T16:19:42	ok		8.938156134	16	2	7	7	411840	4	0	0	2	1.0	0.0	-1.0	0.0	-5.527244661855763
2026-05-09T16:19:51	ok		4.378897108	16	2	7	7	411840	4	0	0	2	1.0	0.1	-1.0	0.1	-6.465026202517639
2026-05-09T16:19:55	ok		3.66186137	16	2	7	7	411840	4	0	0	2	1.0	0.2	-1.0	0.2	-7.484482907789436
2026-05-09T16:19:59	ok		3.105551325	16	2	7	7	411840	4	0	0	2	1.0	0.3	-1.0	0.3	-8.569597632411494
2026-05-09T16:20:02	ok		2.597584622	16	2	7	7	411840	4	0	0	2	1.0	0.4	-1.0	0.4	-9.696815921637993
2026-05-09T16:20:04	ok		2.346534119	16	2	7	7	411840	4	0	0	2	1.0	0.5	-1.0	0.5	-10.82912662447922
2026-05-09T16:20:07	ok		2.226740772	16	2	7	7	411840	4	0	0	2	1.0	0.6	-1.0	0.6	-11.965159733898862
2026-05-09T16:20:09	ok		2.009438506	16	2	7	7	411840	4	0	0	2	1.0	0.7	-1.0	0.7	-13.104133413673283
2026-05-09T16:20:11	ok		2.289402075	16	2	7	7	411840	4	0	0	2	1.0	0.8	-1.0	0.8	-14.245536654427925
2026-05-09T16:20:13	ok		2.042156576	16	2	7	7	411840	4	0	0	2	1.0	0.9	-1.0	0.9	-15.389007481609394
2026-05-09T16:20:15	ok		1.990267745	16	2	7	7	411840	4	0	0	2	1.0	1.0	-1.0	1.0	-16.534275465047564
2026-05-09T16:20:19	ok		0.048828511	18	0	9	9	48620	3	0	0	3	1.0	0.0	-1.0	0.0	0.0
2026-05-09T16:20:19	ok		0.12257619	18	0	9	9	48620	3	0	0	3	1.0	0.1	-1.0	0.1	-1.684716583650486
2026-05-09T16:20:19	ok		0.107293664	18	0	9	9	48620	3	0	0	3	1.0	0.2	-1.0	0.2	-3.3694331673009734
2026-05-09T16:20:19	ok		0.106964701	18	0	9	9	48620	3	0	0	3	1.0	0.3	-1.0	0.3	-5.0541497509514555
2026-05-09T16:20:19	ok		0.106905124	18	0	9	9	48620	3	0	0	3	1.0	0.4	-1.0	0.4	-6.738866334601946
2026-05-09T16:20:19	ok		0.109171239	18	0	9	9	48620	3	0	0	3	1.0	0.5	-1.0	0.5	-8.423582918252427
2026-05-09T16:20:19	ok		0.106890803	18	0	9	9	48620	3	0	0	3	1.0	0.6	-1.0	0.6	-10.10829950190292
2026-05-09T16:20:19	ok		0.107933558	18	0	9	9	48620	3	0	0	3	1.0	0.7	-1.0	0.7	-11.793016085553395
2026-05-09T16:20:19	ok		0.108591725	18	0	9	9	48620	3	0	0	3	1.0	0.8	-1.0	0.8	-13.477732669203897
2026-05-09T16:20:19	ok		0.108624989	18	0	9	9	48620	3	0	0	3	1.0	0.9	-1.0	0.9	-15.162449252854342
2026-05-09T16:20:20	ok		0.108339122	18	0	9	9	48620	3	0	0	3	1.0	1.0	-1.0	1.0	-16.84716583650488
2026-05-09T16:20:29	ok		2.849444026	18	1	9	8	437580	3	0	0	3	1.0	0.0	-1.0	0.0	-3.000000000000001
2026-05-09T16:20:32	ok		2.094957026	18	1	9	8	437580	3	0	0	3	1.0	0.1	-1.0	0.1	-4.43488322521728
2026-05-09T16:20:34	ok		2.08724035	18	1	9	8	437580	3	0	0	3	1.0	0.2	-1.0	0.2	-5.907427902717947
2026-05-09T16:20:36	ok		1.789065061	18	1	9	8	437580	3	0	0	3	1.0	0.3	-1.0	0.3	-7.386590250502711
2026-05-09T16:20:38	ok		1.823868564	18	1	9	8	437580	3	0	0	3	1.0	0.4	-1.0	0.4	-8.869332093226987
2026-05-09T16:20:40	ok		2.058226751	18	1	9	8	437580	3	0	0	3	1.0	0.5	-1.0	0.5	-10.354508588022398
2026-05-09T16:20:42	ok		1.815287317	18	1	9	8	437580	3	0	0	3	1.0	0.6	-1.0	0.6	-11.841525750567337
2026-05-09T16:20:44	ok		1.543997309	18	1	9	8	437580	3	0	0	3	1.0	0.7	-1.0	0.7	-13.330021250885968
2026-05-09T16:20:45	ok		2.02892105	18	1	9	8	437580	3	0	0	3	1.0	0.8	-1.0	0.8	-14.81975078432232
2026-05-09T16:20:48	ok		1.868762352	18	1	9	8	437580	3	0	0	3	1.0	0.9	-1.0	0.9	-16.310537999100525
2026-05-09T16:20:49	ok		1.803461531	18	1	9	8	437580	3	0	0	3	1.0	1.0	-1.0	1.0	-17.802249187959255
2026-05-09T16:21:37	ok		31.218338951	18	2	8	8	1969110	3	0	0	3	1.0	0.0	-1.0	0.0	-5.349476089826734
2026-05-09T16:22:08	ok		30.178471571	18	2	8	8	1969110	3	0	0	3	1.0	0.1	-1.0	0.1	-6.343704977017523
2026-05-09T16:22:38	ok		26.577429264	18	2	8	8	1969110	3	0	0	3	1.0	0.2	-1.0	0.2	-7.489542505362582
2026-05-09T16:23:05	ok		27.19315502	18	2	8	8	1969110	3	0	0	3	1.0	0.3	-1.0	0.3	-8.678785564876353
2026-05-09T16:23:32	ok		16.838375073	18	2	8	8	1969110	3	0	0	3	1.0	0.4	-1.0	0.4	-9.966666713665571
2026-05-09T16:23:49	ok		14.415811874	18	2	8	8	1969110	3	0	0	3	1.0	0.5	-1.0	0.5	-11.269225497173393
2026-05-09T16:24:03	ok		12.831810478	18	2	8	8	1969110	3	0	0	3	1.0	0.6	-1.0	0.6	-12.579350390997927
2026-05-09T16:24:16	ok		12.369614423	18	2	8	8	1969110	3	0	0	3	1.0	0.7	-1.0	0.7	-13.894280314714829
2026-05-09T16:24:28	ok		11.363633232	18	2	8	8	1969110	3	0	0	3	1.0	0.8	-1.0	0.8	-15.212674763698097
2026-05-09T16:24:40	ok		11.297261077	18	2	8	8	1969110	3	0	0	3	1.0	0.9	-1.0	0.9	-16.53377019897877
2026-05-09T16:24:51	ok		10.829197798	18	2	8	8	1969110	3	0	0	3	1.0	1.0	-1.0	1.0	-17.85708077829399
