timestamp	status	error	elapsed_seconds	sites	holes	nup	ndown	dim	lattice_m	lattice_n	lattice_mp	lattice_np	backend	use_mc	t	J_over_t	tcoef	Jcoef	energy	energy_variance	energy_stderr	nn_spin_corr	nn_spin_corr_variance	nn_spin_corr_stderr	acceptance	accepted	proposed	seed	model_path
2026-05-05T13:52:58	ok		74.910525871	6	0	3	3	20	1	1	0	3	gpu	true	1.0	0.0	-1.0	0.0	0.0	0.0	0.0	-0.04003906249999996	0.002575019502102839	0.0007928851560160373	0.3579345703125	43983	122880	612356	/n/holylabs/kaxiras_lab/axzhu/projects/tJ_julia/training_sweep_results/models_gpu_only_mc/M06_h0_up03_dn03_gpu_mc_J00_seed612356.jls
2026-05-05T13:54:14	ok		14.051604693	6	0	3	3	20	1	1	0	3	gpu	true	1.0	0.1	-1.0	0.1	-0.5999953107690092	3.8157371485805223e-7	9.651820824539619e-6	-0.1360677083333333	0.012340732826843955	0.001735763297602441	0.5630696614583334	69190	122880	612456	/n/holylabs/kaxiras_lab/axzhu/projects/tJ_julia/training_sweep_results/models_gpu_only_mc/M06_h0_up03_dn03_gpu_mc_J01_seed612456.jls
2026-05-05T13:54:28	ok		15.983852597	6	0	3	3	20	1	1	0	3	gpu	true	1.0	0.2	-1.0	0.2	-1.20001624821889	7.067161072424727e-7	1.3135376360034162e-5	-0.13617621527777773	0.012341333435083429	0.0017358055358174963	0.5623942057291667	69107	122880	612556	/n/holylabs/kaxiras_lab/axzhu/projects/tJ_julia/training_sweep_results/models_gpu_only_mc/M06_h0_up03_dn03_gpu_mc_J02_seed612556.jls
2026-05-05T13:54:45	ok		18.179773582	6	0	3	3	20	1	1	0	3	gpu	true	1.0	0.3	-1.0	0.3	-1.8000075935873616	9.821499520118869e-7	1.5484918570270303e-5	-0.14127604166666663	0.012342993940216167	0.0017359223067106395	0.5570475260416666	68450	122880	612656	/n/holylabs/kaxiras_lab/axzhu/projects/tJ_julia/training_sweep_results/models_gpu_only_mc/M06_h0_up03_dn03_gpu_mc_J03_seed612656.jls
2026-05-05T13:55:04	ok		18.109893263	6	0	3	3	20	1	1	0	3	gpu	true	1.0	0.4	-1.0	0.4	-2.4000178231581213	6.284152351167753e-7	1.2386350885589003e-5	-0.1416558159722222	0.012341036075121705	0.0017357846238885053	0.5592041015625	68715	122880	612756	/n/holylabs/kaxiras_lab/axzhu/projects/tJ_julia/training_sweep_results/models_gpu_only_mc/M06_h0_up03_dn03_gpu_mc_J04_seed612756.jls
2026-05-05T13:55:22	ok		19.947138878	6	0	3	3	20	1	1	0	3	gpu	true	1.0	0.5	-1.0	0.5	-2.999997085002178	2.237228467880299e-7	7.390523367232449e-6	-0.1407335069444444	0.012345290383484824	0.0017360837854292846	0.5518391927083334	67810	122880	612856	/n/holylabs/kaxiras_lab/axzhu/projects/tJ_julia/training_sweep_results/models_gpu_only_mc/M06_h0_up03_dn03_gpu_mc_J05_seed612856.jls
2026-05-05T13:55:43	ok		18.174086065	6	0	3	3	20	1	1	0	3	gpu	true	1.0	0.6	-1.0	0.6	-3.600020905140994	1.610667654814587e-6	1.9830012806695752e-5	-0.14133029513888884	0.012342731910150891	0.001735903880620031	0.5553141276041667	68237	122880	612956	/n/holylabs/kaxiras_lab/axzhu/projects/tJ_julia/training_sweep_results/models_gpu_only_mc/M06_h0_up03_dn03_gpu_mc_J06_seed612956.jls
2026-05-05T13:56:02	ok		21.587776325	6	0	3	3	20	1	1	0	3	gpu	true	1.0	0.7	-1.0	0.7	-4.200024761751409	5.695424822774479e-7	1.179188100293026e-5	-0.14344618055555552	0.012327919851067994	0.0017348619707024668	0.5537027994791667	68039	122880	613056	/n/holylabs/kaxiras_lab/axzhu/projects/tJ_julia/training_sweep_results/models_gpu_only_mc/M06_h0_up03_dn03_gpu_mc_J07_seed613056.jls
2026-05-05T13:56:24	ok		20.509231639	6	0	3	3	20	1	1	0	3	gpu	true	1.0	0.8	-1.0	0.8	-4.8000137464317945	3.640633163855448e-7	9.427759309716156e-6	-0.1404622395833333	0.012346217793266423	0.0017361489937312942	0.5636067708333333	69256	122880	613156	/n/holylabs/kaxiras_lab/axzhu/projects/tJ_julia/training_sweep_results/models_gpu_only_mc/M06_h0_up03_dn03_gpu_mc_J08_seed613156.jls
2026-05-05T13:56:45	ok		21.120049646	6	0	3	3	20	1	1	0	3	gpu	true	1.0	0.9	-1.0	0.9	-5.4000064915220705	6.44468881264507e-7	1.25435655004854e-5	-0.14051649305555552	0.01234604408794222	0.0017361367802992277	0.5553304036458333	68239	122880	613256	/n/holylabs/kaxiras_lab/axzhu/projects/tJ_julia/training_sweep_results/models_gpu_only_mc/M06_h0_up03_dn03_gpu_mc_J09_seed613256.jls
2026-05-05T13:57:07	ok		21.788908697	6	0	3	3	20	1	1	0	3	gpu	true	1.0	1.0	-1.0	1.0	-6.00000872921737	2.4272286109394537e-7	7.697954988778774e-6	-0.14122178819444442	0.012343250081965365	0.001735940318542756	0.553125	67968	122880	613356	/n/holylabs/kaxiras_lab/axzhu/projects/tJ_julia/training_sweep_results/models_gpu_only_mc/M06_h0_up03_dn03_gpu_mc_J10_seed613356.jls
2026-05-05T13:57:30	ok		22.41965648	6	1	3	2	60	1	1	0	3	gpu	true	1.0	0.0	-1.0	0.0	-3.000004269910278	9.54796127415454e-7	1.526776091294295e-5	-0.03238932291666667	0.0025277569331388808	0.0007855750489320607	0.9994791666666667	122816	122880	622356	/n/holylabs/kaxiras_lab/axzhu/projects/tJ_julia/training_sweep_results/models_gpu_only_mc/M06_h1_up03_dn02_gpu_mc_J00_seed622356.jls
2026-05-05T13:57:53	ok		31.237834523	6	1	3	2	60	1	1	0	3	gpu	true	1.0	0.1	-1.0	0.1	-3.36358102251179	1.4387015771146431e-6	1.8741544819604777e-5	-0.03899468315972221	0.003024634940596311	0.0008593231434064959	0.965087890625	118590	122880	622456	/n/holylabs/kaxiras_lab/axzhu/projects/tJ_julia/training_sweep_results/models_gpu_only_mc/M06_h1_up03_dn02_gpu_mc_J01_seed622456.jls
2026-05-05T13:58:25	ok		28.046820143	6	1	3	2	60	1	1	0	3	gpu	true	1.0	0.2	-1.0	0.2	-3.7328959915845195	5.733439705209044e-7	1.183116880544586e-5	-0.042127821180555546	0.0032474997915536118	0.0008904193555832378	0.9375651041666667	115208	122880	622556	/n/holylabs/kaxiras_lab/axzhu/projects/tJ_julia/training_sweep_results/models_gpu_only_mc/M06_h1_up03_dn02_gpu_mc_J02_seed622556.jls
2026-05-05T13:58:53	ok		23.81269681	6	1	3	2	60	1	1	0	3	gpu	true	1.0	0.3	-1.0	0.3	-4.106245842605858	3.787347878463255e-7	9.615848782819139e-6	-0.043972439236111105	0.00333133174749205	0.0009018389074081087	0.9154622395833333	112492	122880	622656	/n/holylabs/kaxiras_lab/axzhu/projects/tJ_julia/training_sweep_results/models_gpu_only_mc/M06_h1_up03_dn02_gpu_mc_J03_seed622656.jls
2026-05-05T13:59:18	ok		26.751279743	6	1	3	2	60	1	1	0	3	gpu	true	1.0	0.4	-1.0	0.4	-4.482672282765271	8.127594541036689e-7	1.4086433228448162e-5	-0.04536946614583332	0.0034876199847445532	0.0009227511705969414	0.8967041015625	110187	122880	622756	/n/holylabs/kaxiras_lab/axzhu/projects/tJ_julia/training_sweep_results/models_gpu_only_mc/M06_h1_up03_dn02_gpu_mc_J04_seed622756.jls
2026-05-05T13:59:45	ok		26.387725564	6	1	3	2	60	1	1	0	3	gpu	true	1.0	0.5	-1.0	0.5	-4.861558526074077	9.035331410306712e-7	1.4852243795448592e-5	-0.047892252604166644	0.003591450134147616	0.000936386074441057	0.8815022786458333	108319	122880	622856	/n/holylabs/kaxiras_lab/axzhu/projects/tJ_julia/training_sweep_results/models_gpu_only_mc/M06_h1_up03_dn02_gpu_mc_J05_seed622856.jls
2026-05-05T14:00:12	ok		20.724917787	6	1	3	2	60	1	1	0	3	gpu	true	1.0	0.6	-1.0	0.6	-5.242380271450385	1.3819362302401213e-6	1.8368091217134324e-5	-0.04975043402777775	0.003807170249589234	0.0009640979847588738	0.8673014322916667	106574	122880	622956	/n/holylabs/kaxiras_lab/axzhu/projects/tJ_julia/training_sweep_results/models_gpu_only_mc/M06_h1_up03_dn02_gpu_mc_J06_seed622956.jls
2026-05-05T14:00:34	ok		22.531683555	6	1	3	2	60	1	1	0	3	gpu	true	1.0	0.7	-1.0	0.7	-5.624822403315195	4.940347923205295e-7	1.0982438844304086e-5	-0.052300347222222196	0.00399609392664948	0.0009877291474948526	0.8569986979166667	105308	122880	623056	/n/holylabs/kaxiras_lab/axzhu/projects/tJ_julia/training_sweep_results/models_gpu_only_mc/M06_h1_up03_dn02_gpu_mc_J07_seed623056.jls
2026-05-05T14:00:57	ok		26.508250429	6	1	3	2	60	1	1	0	3	gpu	true	1.0	0.8	-1.0	0.8	-6.008614533819491	3.4210948088463465e-7	9.13908214656156e-6	-0.052381727430555525	0.003924261622829332	0.0009788113634715667	0.8458170572916667	103934	122880	623156	/n/holylabs/kaxiras_lab/axzhu/projects/tJ_julia/training_sweep_results/models_gpu_only_mc/M06_h1_up03_dn02_gpu_mc_J08_seed623156.jls
2026-05-05T14:01:24	ok		22.483538841	6	1	3	2	60	1	1	0	3	gpu	true	1.0	0.9	-1.0	0.9	-6.393595726191413	5.94125454887993e-7	1.204367717454947e-5	-0.05594889322916663	0.004197225370999238	0.0010122811987494438	0.8380615234375	102981	122880	623256	/n/holylabs/kaxiras_lab/axzhu/projects/tJ_julia/training_sweep_results/models_gpu_only_mc/M06_h1_up03_dn02_gpu_mc_J09_seed623256.jls
2026-05-05T14:01:47	ok		21.524135078	6	1	3	2	60	1	1	0	3	gpu	true	1.0	1.0	-1.0	1.0	-6.779574890351796	7.058893871084721e-7	1.3127691196456798e-5	-0.055230034722222196	0.00420104265590377	0.0010127414179661096	0.8318522135416667	102218	122880	623356	/n/holylabs/kaxiras_lab/axzhu/projects/tJ_julia/training_sweep_results/models_gpu_only_mc/M06_h1_up03_dn02_gpu_mc_J10_seed623356.jls
2026-05-05T14:02:10	ok		87.896850032	6	2	2	2	90	1	1	0	3	gpu	true	1.0	0.0	-1.0	0.0	-3.7415437262163778	0.00039208354189153495	0.00030939217987792296	-0.03828938802083333	0.0016459873054382609	0.0006339182672015083	0.46051432291666666	56588	122880	632356	/n/holylabs/kaxiras_lab/axzhu/projects/tJ_julia/training_sweep_results/models_gpu_only_mc/M06_h2_up02_dn02_gpu_mc_J00_seed632356.jls
2026-05-05T14:03:38	ok		90.552166719	6	2	2	2	90	1	1	0	3	gpu	true	1.0	0.1	-1.0	0.1	-3.8828739127130634	0.018712658059112125	0.0021374096551580657	-0.0386962890625	0.0016621374843488559	0.0006370206309570023	0.50068359375	61524	122880	632456	/n/holylabs/kaxiras_lab/axzhu/projects/tJ_julia/training_sweep_results/models_gpu_only_mc/M06_h2_up02_dn02_gpu_mc_J01_seed632456.jls
2026-05-05T14:05:09	ok		93.000110529	6	2	2	2	90	1	1	0	3	gpu	true	1.0	0.2	-1.0	0.2	-4.030283383737787	0.016778805864497356	0.002023953593962087	-0.04057481553819445	0.0017055713137934276	0.0006452900483748362	0.4480224609375	55053	122880	632556	/n/holylabs/kaxiras_lab/axzhu/projects/tJ_julia/training_sweep_results/models_gpu_only_mc/M06_h2_up02_dn02_gpu_mc_J02_seed632556.jls
2026-05-05T14:06:43	ok		95.647596763	6	2	2	2	90	1	1	0	3	gpu	true	1.0	0.3	-1.0	0.3	-4.182209212169324	0.001416060467040994	0.0005879777950409184	-0.039957682291666664	0.001708741481961966	0.000645889474577207	0.49203287760416664	60461	122880	632656	/n/holylabs/kaxiras_lab/axzhu/projects/tJ_julia/training_sweep_results/models_gpu_only_mc/M06_h2_up02_dn02_gpu_mc_J03_seed632656.jls
2026-05-05T14:08:19	ok		99.004020124	6	2	2	2	90	1	1	0	3	gpu	true	1.0	0.4	-1.0	0.4	-4.33293525345398	0.00025010906416299684	0.000247106825569265	-0.040452745225694434	0.0016736341914700191	0.0006392199132746571	0.4783935546875	58785	122880	632756	/n/holylabs/kaxiras_lab/axzhu/projects/tJ_julia/training_sweep_results/models_gpu_only_mc/M06_h2_up02_dn02_gpu_mc_J04_seed632756.jls
2026-05-05T14:09:59	ok		102.02587828	6	2	2	2	90	1	1	0	3	gpu	true	1.0	0.5	-1.0	0.5	-4.470389781206677	0.06988358875748714	0.004130547546814573	-0.039659288194444434	0.0016292470068511743	0.0006306864375678496	0.4486897786458333	55135	122880	632856	/n/holylabs/kaxiras_lab/axzhu/projects/tJ_julia/training_sweep_results/models_gpu_only_mc/M06_h2_up02_dn02_gpu_mc_J05_seed632856.jls
2026-05-05T14:11:42	ok		107.274236532	6	2	2	2	90	1	1	0	3	gpu	true	1.0	0.6	-1.0	0.6	-4.6319685082010436	0.00016050892376998348	0.00019795643199270167	-0.04220920138888888	0.0017580980833295657	0.0006551512534334207	0.4780517578125	58743	122880	632956	/n/holylabs/kaxiras_lab/axzhu/projects/tJ_julia/training_sweep_results/models_gpu_only_mc/M06_h2_up02_dn02_gpu_mc_J06_seed632956.jls
2026-05-05T14:13:30	ok		112.649982114	6	2	2	2	90	1	1	0	3	gpu	true	1.0	0.7	-1.0	0.7	-4.783029983868924	0.004080984570752959	0.0009981653789422793	-0.04424370659722222	0.001803755350123984	0.0006636037662086942	0.4564290364583333	56086	122880	633056	/n/holylabs/kaxiras_lab/axzhu/projects/tJ_julia/training_sweep_results/models_gpu_only_mc/M06_h2_up02_dn02_gpu_mc_J07_seed633056.jls
2026-05-05T14:15:23	ok		112.288393419	6	2	2	2	90	1	1	0	3	gpu	true	1.0	0.8	-1.0	0.8	-4.944688357024075	0.0008842804270622303	0.000464638328313797	-0.04165988498263888	0.00186353422493921	0.000674510496868321	0.5212972005208333	64057	122880	633156	/n/holylabs/kaxiras_lab/axzhu/projects/tJ_julia/training_sweep_results/models_gpu_only_mc/M06_h2_up02_dn02_gpu_mc_J08_seed633156.jls
2026-05-05T14:17:16	ok		102.366200508	6	2	2	2	90	1	1	0	3	gpu	true	1.0	0.9	-1.0	0.9	-5.195560573993635	0.0021290212479484023	0.000720958097334653	-0.04359266493055555	0.0019220045135120373	0.0006850104985922841	0.5659098307291667	69539	122880	633256	/n/holylabs/kaxiras_lab/axzhu/projects/tJ_julia/training_sweep_results/models_gpu_only_mc/M06_h2_up02_dn02_gpu_mc_J09_seed633256.jls
2026-05-05T14:18:59	ok		105.040889012	6	2	2	2	90	1	1	0	3	gpu	true	1.0	1.0	-1.0	1.0	-5.444920057653462	0.014391908970260775	0.0018744731662370022	-0.0433349609375	0.0019033346873516131	0.0006816753774005648	0.56240234375	69108	122880	633356	/n/holylabs/kaxiras_lab/axzhu/projects/tJ_julia/training_sweep_results/models_gpu_only_mc/M06_h2_up02_dn02_gpu_mc_J10_seed633356.jls
2026-05-05T14:20:45	ok		5.958762334	8	0	4	4	70	2	0	0	2	gpu	true	1.0	0.0	-1.0	0.0	0.0	0.0	0.0	-0.0517374674479167	0.004317900290597223	0.0010267301863849565	0.488824462890625	80089	163840	812356	/n/holylabs/kaxiras_lab/axzhu/projects/tJ_julia/training_sweep_results/models_gpu_only_mc/M08_h0_up04_dn04_gpu_mc_J00_seed812356.jls
2026-05-05T14:20:51	ok		27.309955866	8	0	4	4	70	2	0	0	2	gpu	true	1.0	0.1	-1.0	0.1	-0.7819985635378544	9.242781730901455e-7	1.5021779217259396e-5	-0.13173421223958337	0.008610181300000633	0.0014498603532566393	0.414599609375	67928	163840	812456	/n/holylabs/kaxiras_lab/axzhu/projects/tJ_julia/training_sweep_results/models_gpu_only_mc/M08_h0_up04_dn04_gpu_mc_J01_seed812456.jls
2026-05-05T14:21:19	ok		29.803470429	8	0	4	4	70	2	0	0	2	gpu	true	1.0	0.2	-1.0	0.2	-1.5639908260120134	1.3547902001426098e-6	1.8186789881853584e-5	-0.13232421875	0.00839160116503866	0.001431338797484113	0.4067626953125	66644	163840	812556	/n/holylabs/kaxiras_lab/axzhu/projects/tJ_julia/training_sweep_results/models_gpu_only_mc/M08_h0_up04_dn04_gpu_mc_J02_seed812556.jls
2026-05-05T14:21:50	ok		32.572693306	8	0	4	4	70	2	0	0	2	gpu	true	1.0	0.3	-1.0	0.3	-2.3460347784817714	1.0651845736873086e-6	1.6126215537452613e-5	-0.13450113932291669	0.008761965159466787	0.0014625838951186512	0.408929443359375	66999	163840	812656	/n/holylabs/kaxiras_lab/axzhu/projects/tJ_julia/training_sweep_results/models_gpu_only_mc/M08_h0_up04_dn04_gpu_mc_J03_seed812656.jls
2026-05-05T14:22:23	ok		34.274566692	8	0	4	4	70	2	0	0	2	gpu	true	1.0	0.4	-1.0	0.4	-3.1280050247878517	2.073255958126249e-6	2.249813337594735e-5	-0.1296183268229167	0.008769874640032522	0.0014632438880067772	0.4099609375	67168	163840	812756	/n/holylabs/kaxiras_lab/axzhu/projects/tJ_julia/training_sweep_results/models_gpu_only_mc/M08_h0_up04_dn04_gpu_mc_J04_seed812756.jls
2026-05-05T14:22:58	ok		37.646366801	8	0	4	4	70	2	0	0	2	gpu	true	1.0	0.5	-1.0	0.5	-3.9100401742944086	5.800544301882834e-7	1.1900203826833656e-5	-0.13210042317708337	0.008520321916521457	0.001442274841318653	0.411932373046875	67491	163840	812856	/n/holylabs/kaxiras_lab/axzhu/projects/tJ_julia/training_sweep_results/models_gpu_only_mc/M08_h0_up04_dn04_gpu_mc_J05_seed812856.jls
2026-05-05T14:23:36	ok		41.204414749	8	0	4	4	70	2	0	0	2	gpu	true	1.0	0.6	-1.0	0.6	-4.692052191637776	4.655063506813468e-7	1.0660629033824091e-5	-0.13378906250000006	0.00855453381495048	0.0014451675446693524	0.41077880859375	67302	163840	812956	/n/holylabs/kaxiras_lab/axzhu/projects/tJ_julia/training_sweep_results/models_gpu_only_mc/M08_h0_up04_dn04_gpu_mc_J06_seed812956.jls
2026-05-05T14:24:18	ok		42.565293119	8	0	4	4	70	2	0	0	2	gpu	true	1.0	0.7	-1.0	0.7	-5.474078494988495	7.439468667384011e-7	1.3476930400217438e-5	-0.13476562500000003	0.008716168091168097	0.0014587565682398268	0.413641357421875	67771	163840	813056	/n/holylabs/kaxiras_lab/axzhu/projects/tJ_julia/training_sweep_results/models_gpu_only_mc/M08_h0_up04_dn04_gpu_mc_J07_seed813056.jls
2026-05-05T14:25:01	ok		43.790399241	8	0	4	4	70	2	0	0	2	gpu	true	1.0	0.8	-1.0	0.8	-6.256060624224483	2.557014512009836e-7	7.901082970682888e-6	-0.13741048177083334	0.008626976111513869	0.0014512736956635939	0.412176513671875	67531	163840	813156	/n/holylabs/kaxiras_lab/axzhu/projects/tJ_julia/training_sweep_results/models_gpu_only_mc/M08_h0_up04_dn04_gpu_mc_J08_seed813156.jls
2026-05-05T14:25:45	ok		41.255166991	8	0	4	4	70	2	0	0	2	gpu	true	1.0	0.9	-1.0	0.9	-7.038104870606917	1.1240895235418088e-6	1.656610753416292e-5	-0.1316324869791667	0.008577624662422848	0.0014471166663746666	0.411578369140625	67433	163840	813256	/n/holylabs/kaxiras_lab/axzhu/projects/tJ_julia/training_sweep_results/models_gpu_only_mc/M08_h0_up04_dn04_gpu_mc_J09_seed813256.jls
2026-05-05T14:26:27	ok		45.052854741	8	0	4	4	70	2	0	0	2	gpu	true	1.0	1.0	-1.0	1.0	-7.820086392090161	3.482581522045892e-7	9.220843938630213e-6	-0.13203938802083337	0.00853475183309168	0.0014434956344758715	0.4127197265625	67620	163840	813356	/n/holylabs/kaxiras_lab/axzhu/projects/tJ_julia/training_sweep_results/models_gpu_only_mc/M08_h0_up04_dn04_gpu_mc_J10_seed813356.jls
2026-05-05T14:27:13	ok		135.050776628	8	1	4	3	280	2	0	0	2	gpu	true	1.0	0.0	-1.0	0.0	-3.000030871888157	9.94389929206189e-6	4.9271795056614765e-5	-0.02686564127604167	0.0028630563158659676	0.0008360552364322077	0.9977294921875	163468	163840	822356	/n/holylabs/kaxiras_lab/axzhu/projects/tJ_julia/training_sweep_results/models_gpu_only_mc/M08_h1_up04_dn03_gpu_mc_J00_seed822356.jls
2026-05-05T14:29:29	ok		92.834142881	8	1	4	3	280	2	0	0	2	gpu	true	1.0	0.1	-1.0	0.1	-3.5363625273646906	2.2008177964368644e-6	2.317992735823861e-5	-0.04654947916666666	0.003132949226699228	0.0008745742863242757	0.82872314453125	135778	163840	822456	/n/holylabs/kaxiras_lab/axzhu/projects/tJ_julia/training_sweep_results/models_gpu_only_mc/M08_h1_up04_dn03_gpu_mc_J01_seed822456.jls
2026-05-05T14:31:02	ok		144.815334896	8	1	4	3	280	2	0	0	2	gpu	true	1.0	0.2	-1.0	0.2	-4.090620769395899	1.1075135647010212e-5	5.19989474780101e-5	-0.05342610677083333	0.0033050748260709194	0.0008982778154383646	0.767376708984375	125727	163840	822556	/n/holylabs/kaxiras_lab/axzhu/projects/tJ_julia/training_sweep_results/models_gpu_only_mc/M08_h1_up04_dn03_gpu_mc_J02_seed822556.jls
2026-05-05T14:33:28	ok		109.077552893	8	1	4	3	280	2	0	0	2	gpu	true	1.0	0.3	-1.0	0.3	-4.651441234625235	1.3889129040421663e-6	1.841439829219026e-5	-0.05729166666666666	0.003270417853751187	0.0008935557390705816	0.7341064453125	120276	163840	822656	/n/holylabs/kaxiras_lab/axzhu/projects/tJ_julia/training_sweep_results/models_gpu_only_mc/M08_h1_up04_dn03_gpu_mc_J03_seed822656.jls
2026-05-05T14:35:18	ok		95.190841127	8	1	4	3	280	2	0	0	2	gpu	true	1.0	0.4	-1.0	0.4	-5.216028729137907	4.6876423286467375e-7	1.069786860964496e-5	-0.060679117838541664	0.003331119204583153	0.0009018101377543024	0.712506103515625	116737	163840	822756	/n/holylabs/kaxiras_lab/axzhu/projects/tJ_julia/training_sweep_results/models_gpu_only_mc/M08_h1_up04_dn03_gpu_mc_J04_seed822756.jls
2026-05-05T14:36:53	ok		88.851343749	8	1	4	3	280	2	0	0	2	gpu	true	1.0	0.5	-1.0	0.5	-5.783226693532924	3.4245970181976015e-6	2.8915104295089424e-5	-0.063201904296875	0.0035315076170483895	0.0009285388935410592	0.69456787109375	113798	163840	822856	/n/holylabs/kaxiras_lab/axzhu/projects/tJ_julia/training_sweep_results/models_gpu_only_mc/M08_h1_up04_dn03_gpu_mc_J05_seed822856.jls
2026-05-05T14:38:23	ok		78.191037278	8	1	4	3	280	2	0	0	2	gpu	true	1.0	0.6	-1.0	0.6	-6.352470705218002	1.8702874586470181e-6	2.1368508349525587e-5	-0.06563313802083336	0.00346579494121812	0.0009198594148405668	0.684027099609375	112071	163840	822956	/n/holylabs/kaxiras_lab/axzhu/projects/tJ_julia/training_sweep_results/models_gpu_only_mc/M08_h1_up04_dn03_gpu_mc_J06_seed822956.jls
2026-05-05T14:39:42	ok		113.87234721	8	1	4	3	280	2	0	0	2	gpu	true	1.0	0.7	-1.0	0.7	-6.923281396621315	1.1471334491938025e-6	1.6735049364868355e-5	-0.066192626953125	0.003675226323592617	0.0009472444519015953	0.673846435546875	110403	163840	823056	/n/holylabs/kaxiras_lab/axzhu/projects/tJ_julia/training_sweep_results/models_gpu_only_mc/M08_h1_up04_dn03_gpu_mc_J07_seed823056.jls
2026-05-05T14:41:36	ok		133.927883787	8	1	4	3	280	2	0	0	2	gpu	true	1.0	0.8	-1.0	0.8	-7.495382442232222	1.8719573379412173e-6	2.1378045618304423e-5	-0.065826416015625	0.0035616327021051157	0.0009324908760477937	0.6653076171875	109004	163840	823156	/n/holylabs/kaxiras_lab/axzhu/projects/tJ_julia/training_sweep_results/models_gpu_only_mc/M08_h1_up04_dn03_gpu_mc_J08_seed823156.jls
2026-05-05T14:43:51	ok		83.753958117	8	1	4	3	280	2	0	0	2	gpu	true	1.0	0.9	-1.0	0.9	-8.068660458176234	5.527639736789042e-7	1.1616890376148482e-5	-0.071014404296875	0.003713014960014064	0.0009521017765828313	0.65660400390625	107578	163840	823256	/n/holylabs/kaxiras_lab/axzhu/projects/tJ_julia/training_sweep_results/models_gpu_only_mc/M08_h1_up04_dn03_gpu_mc_J09_seed823256.jls
2026-05-05T14:45:15	ok		108.180868013	8	1	4	3	280	2	0	0	2	gpu	true	1.0	1.0	-1.0	1.0	-8.642937526034075	1.71452810210401e-6	2.0459373461270432e-5	-0.07014973958333333	0.003724027226631396	0.000953512629505664	0.649285888671875	106379	163840	823356	/n/holylabs/kaxiras_lab/axzhu/projects/tJ_julia/training_sweep_results/models_gpu_only_mc/M08_h1_up04_dn03_gpu_mc_J10_seed823356.jls
2026-05-05T14:47:04	ok		153.41861993	8	2	3	3	560	2	0	0	2	gpu	true	1.0	0.0	-1.0	0.0	-4.6988951983650225	0.16840554385618003	0.006412069457711192	0.0015055338541666654	0.0022491657949014724	0.0007410214186485215	0.39744873046875	65118	163840	832356	/n/holylabs/kaxiras_lab/axzhu/projects/tJ_julia/training_sweep_results/models_gpu_only_mc/M08_h2_up03_dn03_gpu_mc_J00_seed832356.jls
2026-05-05T14:49:38	ok		155.04385866	8	2	3	3	560	2	0	0	2	gpu	true	1.0	0.1	-1.0	0.1	-4.939212091732787	0.01641062146831171	0.002001624185982983	-0.003392537434895834	0.002415121816227061	0.000767873264064331	0.529425048828125	86741	163840	832456	/n/holylabs/kaxiras_lab/axzhu/projects/tJ_julia/training_sweep_results/models_gpu_only_mc/M08_h2_up03_dn03_gpu_mc_J01_seed832456.jls
2026-05-05T14:52:14	ok		157.752021177	8	2	3	3	560	2	0	0	2	gpu	true	1.0	0.2	-1.0	0.2	-4.943953380083379	0.2655079536310631	0.008051166234897822	-0.032450358072916664	0.0021959370276834474	0.0007322004086309151	0.4598876953125	75348	163840	832556	/n/holylabs/kaxiras_lab/axzhu/projects/tJ_julia/training_sweep_results/models_gpu_only_mc/M08_h2_up03_dn03_gpu_mc_J02_seed832556.jls
2026-05-05T14:54:53	ok		159.686951982	8	2	3	3	560	2	0	0	2	gpu	true	1.0	0.3	-1.0	0.3	-5.238161656585812	0.10818026695413852	0.00513918261855426	-0.04282633463541666	0.001822313436286418	0.0006670088015017971	0.52030029296875	85246	163840	832656	/n/holylabs/kaxiras_lab/axzhu/projects/tJ_julia/training_sweep_results/models_gpu_only_mc/M08_h2_up03_dn03_gpu_mc_J03_seed832656.jls
2026-05-05T14:57:33	ok		161.290803144	8	2	3	3	560	2	0	0	2	gpu	true	1.0	0.4	-1.0	0.4	-5.640605559817942	0.09136221267011002	0.004722841062608774	-0.04372660319010417	0.0021324017723579284	0.0007215302498541363	0.431689453125	70728	163840	832756	/n/holylabs/kaxiras_lab/axzhu/projects/tJ_julia/training_sweep_results/models_gpu_only_mc/M08_h2_up03_dn03_gpu_mc_J04_seed832756.jls
2026-05-05T15:00:15	ok		164.178409271	8	2	3	3	560	2	0	0	2	gpu	true	1.0	0.5	-1.0	0.5	-5.885546799414576	0.5623536434043869	0.011717225352948288	-0.043635050455729164	0.002040771615827056	0.0007058578169647746	0.487640380859375	79895	163840	832856	/n/holylabs/kaxiras_lab/axzhu/projects/tJ_julia/training_sweep_results/models_gpu_only_mc/M08_h2_up03_dn03_gpu_mc_J05_seed832856.jls
2026-05-05T15:03:00	ok		167.273464584	8	2	3	3	560	2	0	0	2	gpu	true	1.0	0.6	-1.0	0.6	-6.407975971060381	0.2660392122922816	0.008059217056485407	-0.0479278564453125	0.0019994996034246727	0.0006986838218159568	0.55118408203125	90306	163840	832956	/n/holylabs/kaxiras_lab/axzhu/projects/tJ_julia/training_sweep_results/models_gpu_only_mc/M08_h2_up03_dn03_gpu_mc_J06_seed832956.jls
2026-05-05T15:05:48	ok		199.199434729	8	2	3	3	560	2	0	0	2	gpu	true	1.0	0.7	-1.0	0.7	-6.704597144706542	0.6202869138230784	0.012305983699813986	-0.047734578450520836	0.0021559921376434455	0.0007255103500153232	0.55469970703125	90882	163840	833056	/n/holylabs/kaxiras_lab/axzhu/projects/tJ_julia/training_sweep_results/models_gpu_only_mc/M08_h2_up03_dn03_gpu_mc_J07_seed833056.jls
2026-05-05T15:09:07	ok		215.897934451	8	2	3	3	560	2	0	0	2	gpu	true	1.0	0.8	-1.0	0.8	-7.256282123110918	0.22376999319486404	0.007391302050034206	-0.0504302978515625	0.002046047501026445	0.0007067696340960642	0.54495849609375	89286	163840	833156	/n/holylabs/kaxiras_lab/axzhu/projects/tJ_julia/training_sweep_results/models_gpu_only_mc/M08_h2_up03_dn03_gpu_mc_J08_seed833156.jls
2026-05-05T15:12:44	ok		219.172704116	8	2	3	3	560	2	0	0	2	gpu	true	1.0	0.9	-1.0	0.9	-7.571770541840654	0.6903436284923868	0.012982331259249979	-0.05397033691406249	0.0020066387956428036	0.0006999300320156875	0.5007080078125	82036	163840	833256	/n/holylabs/kaxiras_lab/axzhu/projects/tJ_julia/training_sweep_results/models_gpu_only_mc/M08_h2_up03_dn03_gpu_mc_J09_seed833256.jls
2026-05-05T15:16:24	ok		222.330602731	8	2	3	3	560	2	0	0	2	gpu	true	1.0	1.0	-1.0	1.0	-8.060071342041965	0.25891264859647545	0.007950540601037698	-0.05534871419270833	0.002145588923593887	0.00072375784679635	0.516253662109375	84583	163840	833356	/n/holylabs/kaxiras_lab/axzhu/projects/tJ_julia/training_sweep_results/models_gpu_only_mc/M08_h2_up03_dn03_gpu_mc_J10_seed833356.jls
2026-05-05T15:20:08	ok		10.839270985	10	0	5	5	252	2	1	1	3	gpu	true	1.0	0.0	-1.0	0.0	0.0	0.0	0.0	-0.02872721354166669	0.0033644791984635746	0.0009063145449083315	0.4919384765625	100749	204800	1012356	/n/holylabs/kaxiras_lab/axzhu/projects/tJ_julia/training_sweep_results/models_gpu_only_mc/M10_h0_up05_dn05_gpu_mc_J00_seed1012356.jls
2026-05-05T15:20:19	ok		177.125073366	10	0	5	5	252	2	1	1	3	gpu	true	1.0	0.1	-1.0	0.1	-0.9643980459721211	7.825092533332402e-7	1.3821805170709815e-5	-0.13116861979166666	0.006712990255307966	0.0012802006235546818	0.3509765625	71880	204800	1012456	/n/holylabs/kaxiras_lab/axzhu/projects/tJ_julia/training_sweep_results/models_gpu_only_mc/M10_h0_up05_dn05_gpu_mc_J01_seed1012456.jls
2026-05-05T15:23:17	ok		254.942184294	10	0	5	5	252	2	1	1	3	gpu	true	1.0	0.2	-1.0	0.2	-1.9279755243447663	0.0003749591910709118	0.0003025603596929823	-0.13170572916666665	0.006713399640482975	0.001280239658853876	0.3518212890625	72053	204800	1012556	/n/holylabs/kaxiras_lab/axzhu/projects/tJ_julia/training_sweep_results/models_gpu_only_mc/M10_h0_up05_dn05_gpu_mc_J02_seed1012556.jls
2026-05-05T15:27:33	ok		258.459759856	10	0	5	5	252	2	1	1	3	gpu	true	1.0	0.3	-1.0	0.3	-2.892788383427409	5.603271857605116e-5	0.00011696094618976986	-0.13326822916666667	0.006894039987789984	0.0012973493097057705	0.3490283203125	71481	204800	1012656	/n/holylabs/kaxiras_lab/axzhu/projects/tJ_julia/training_sweep_results/models_gpu_only_mc/M10_h0_up05_dn05_gpu_mc_J03_seed1012656.jls
2026-05-05T15:31:52	ok		218.776439105	10	0	5	5	252	2	1	1	3	gpu	true	1.0	0.4	-1.0	0.4	-3.8575622424309586	9.936322431194493e-7	1.557517245025988e-5	-0.12732747395833327	0.006701134248660294	0.0012790696242491375	0.358369140625	73394	204800	1012756	/n/holylabs/kaxiras_lab/axzhu/projects/tJ_julia/training_sweep_results/models_gpu_only_mc/M10_h0_up05_dn05_gpu_mc_J04_seed1012756.jls
2026-05-05T15:35:31	ok		264.92939654	10	0	5	5	252	2	1	1	3	gpu	true	1.0	0.5	-1.0	0.5	-4.821446396069405	0.0001786141808970331	0.00020882283820996381	-0.13388671875	0.006946919303690136	0.0013023153307196666	0.3524169921875	72175	204800	1012856	/n/holylabs/kaxiras_lab/axzhu/projects/tJ_julia/training_sweep_results/models_gpu_only_mc/M10_h0_up05_dn05_gpu_mc_J05_seed1012856.jls
2026-05-05T15:39:57	ok		205.002589792	10	0	5	5	252	2	1	1	3	gpu	true	1.0	0.6	-1.0	0.6	-5.786754262402612	1.7349745357610934e-6	2.0581005017243404e-5	-0.1328450520833333	0.007088080611518112	0.001315480304127133	0.3560986328125	72929	204800	1012956	/n/holylabs/kaxiras_lab/axzhu/projects/tJ_julia/training_sweep_results/models_gpu_only_mc/M10_h0_up05_dn05_gpu_mc_J06_seed1012956.jls
2026-05-05T15:43:23	ok		272.324337913	10	0	5	5	252	2	1	1	3	gpu	true	1.0	0.7	-1.0	0.7	-6.738618734988313	0.12782784920236026	0.0055864094906003785	-0.1269856770833333	0.006728928189865686	0.001281719444283314	0.3495947265625	71597	204800	1013056	/n/holylabs/kaxiras_lab/axzhu/projects/tJ_julia/training_sweep_results/models_gpu_only_mc/M10_h0_up05_dn05_gpu_mc_J07_seed1013056.jls
2026-05-05T15:47:56	ok		259.216963277	10	0	5	5	252	2	1	1	3	gpu	true	1.0	0.8	-1.0	0.8	-7.7151689980984	6.619401815146097e-7	1.2712454115063317e-5	-0.12779947916666662	0.006915509259259259	0.0012993678281182901	0.3548193359375	72667	204800	1013156	/n/holylabs/kaxiras_lab/axzhu/projects/tJ_julia/training_sweep_results/models_gpu_only_mc/M10_h0_up05_dn05_gpu_mc_J08_seed1013156.jls
2026-05-05T15:52:16	ok		244.923431418	10	0	5	5	252	2	1	1	3	gpu	true	1.0	0.9	-1.0	0.9	-8.680100291422606	5.721972592527108e-7	1.1819331474209692e-5	-0.13118489583333331	0.0068308192579026004	0.0012913870383763255	0.3534814453125	72393	204800	1013256	/n/holylabs/kaxiras_lab/axzhu/projects/tJ_julia/training_sweep_results/models_gpu_only_mc/M10_h0_up05_dn05_gpu_mc_J09_seed1013256.jls
2026-05-05T15:56:21	ok		282.722342361	10	0	5	5	252	2	1	1	3	gpu	true	1.0	1.0	-1.0	1.0	-9.643384882804284	0.0002139569724123395	0.00022855106424573115	-0.12828776041666662	0.0067068653761362075	0.0012796164678218055	0.354365234375	72574	204800	1013356	/n/holylabs/kaxiras_lab/axzhu/projects/tJ_julia/training_sweep_results/models_gpu_only_mc/M10_h0_up05_dn05_gpu_mc_J10_seed1013356.jls
2026-05-05T16:01:05	ok		278.841115868	10	1	5	4	1260	2	1	1	3	gpu	true	1.0	0.0	-1.0	0.0	-2.9997689969168277	0.00028004408011719165	0.0002614768378793067	-0.022599283854166676	0.00264014480046381	0.0008028490528584653	0.9920068359375	203163	204800	1022356	/n/holylabs/kaxiras_lab/axzhu/projects/tJ_julia/training_sweep_results/models_gpu_only_mc/M10_h1_up05_dn04_gpu_mc_J00_seed1022356.jls
2026-05-05T16:05:45	ok		228.661488121	10	1	5	4	1260	2	1	1	3	gpu	true	1.0	0.1	-1.0	0.1	-3.7151887864773023	0.00021005692525896802	0.00022645844876776564	-0.053474934895833354	0.002808706032827127	0.000828081666440989	0.7167626953125	146793	204800	1022456	/n/holylabs/kaxiras_lab/axzhu/projects/tJ_julia/training_sweep_results/models_gpu_only_mc/M10_h1_up05_dn04_gpu_mc_J01_seed1022456.jls
2026-05-05T16:09:34	ok		266.071581508	10	1	5	4	1260	2	1	1	3	gpu	true	1.0	0.2	-1.0	0.2	-4.456203320639179	4.305806968347835e-6	3.2422560114552886e-5	-0.062044270833333366	0.0028249177520010857	0.000830468052092999	0.654306640625	134002	204800	1022556	/n/holylabs/kaxiras_lab/axzhu/projects/tJ_julia/training_sweep_results/models_gpu_only_mc/M10_h1_up05_dn04_gpu_mc_J02_seed1022556.jls
2026-05-05T16:14:01	ok		232.925094671	10	1	5	4	1260	2	1	1	3	gpu	true	1.0	0.3	-1.0	0.3	-5.203771556606444	0.0004438550253830174	0.00032918542389723265	-0.06568196614583333	0.002935673731409408	0.0008465915305401862	0.62740234375	128492	204800	1022656	/n/holylabs/kaxiras_lab/axzhu/projects/tJ_julia/training_sweep_results/models_gpu_only_mc/M10_h1_up05_dn04_gpu_mc_J03_seed1022656.jls
2026-05-05T16:17:55	ok		257.390891772	10	1	5	4	1260	2	1	1	3	gpu	true	1.0	0.4	-1.0	0.4	-5.954532990802545	0.0006715550377784765	0.00040491217152011604	-0.07058105468749998	0.0030477588877653975	0.000862601738758014	0.6067919921875	124271	204800	1022756	/n/holylabs/kaxiras_lab/axzhu/projects/tJ_julia/training_sweep_results/models_gpu_only_mc/M10_h1_up05_dn04_gpu_mc_J04_seed1022756.jls
2026-05-05T16:22:13	ok		299.720582131	10	1	5	4	1260	2	1	1	3	gpu	true	1.0	0.5	-1.0	0.5	-6.709063598191278	7.75517402496889e-5	0.0001375991654567596	-0.071728515625	0.0031212985750746166	0.0008729466105841333	0.592158203125	121274	204800	1022856	/n/holylabs/kaxiras_lab/axzhu/projects/tJ_julia/training_sweep_results/models_gpu_only_mc/M10_h1_up05_dn04_gpu_mc_J05_seed1022856.jls
2026-05-05T16:27:13	ok		304.331000396	10	1	5	4	1260	2	1	1	3	gpu	true	1.0	0.6	-1.0	0.6	-7.464934280434681	0.00023760908388394006	0.00024085271483855554	-0.07360026041666666	0.003170472756410256	0.0008797961129122319	0.583056640625	119410	204800	1022956	/n/holylabs/kaxiras_lab/axzhu/projects/tJ_julia/training_sweep_results/models_gpu_only_mc/M10_h1_up05_dn04_gpu_mc_J06_seed1022956.jls
2026-05-05T16:32:18	ok		307.621124668	10	1	5	4	1260	2	1	1	3	gpu	true	1.0	0.7	-1.0	0.7	-8.221845959654097	0.0005315776835349615	0.0003602495078334982	-0.074462890625	0.0031832686266280007	0.0008815697318124368	0.5764501953125	118057	204800	1023056	/n/holylabs/kaxiras_lab/axzhu/projects/tJ_julia/training_sweep_results/models_gpu_only_mc/M10_h1_up05_dn04_gpu_mc_J07_seed1023056.jls
2026-05-05T16:37:27	ok		310.487432818	10	1	5	4	1260	2	1	1	3	gpu	true	1.0	0.8	-1.0	0.8	-8.98088949044177	0.0002951385293114445	0.0002684311923150454	-0.07760416666666665	0.003168362501695837	0.0008795032696872622	0.5664453125	116008	204800	1023156	/n/holylabs/kaxiras_lab/axzhu/projects/tJ_julia/training_sweep_results/models_gpu_only_mc/M10_h1_up05_dn04_gpu_mc_J08_seed1023156.jls
2026-05-05T16:42:38	ok		315.007212744	10	1	5	4	1260	2	1	1	3	gpu	true	1.0	0.9	-1.0	0.9	-9.74091531152244	0.0012749738088297941	0.0005579183654857908	-0.07644042968749998	0.0032014248591397017	0.0008840802373093201	0.563916015625	115490	204800	1023256	/n/holylabs/kaxiras_lab/axzhu/projects/tJ_julia/training_sweep_results/models_gpu_only_mc/M10_h1_up05_dn04_gpu_mc_J09_seed1023256.jls
2026-05-05T16:47:54	ok		317.888536266	10	1	5	4	1260	2	1	1	3	gpu	true	1.0	1.0	-1.0	1.0	-10.502117172098224	0.00023997439231450565	0.00024204854497323177	-0.07875976562499999	0.0033636927549687955	0.0009062086136790213	0.56009765625	114708	204800	1023356	/n/holylabs/kaxiras_lab/axzhu/projects/tJ_julia/training_sweep_results/models_gpu_only_mc/M10_h1_up05_dn04_gpu_mc_J10_seed1023356.jls
2026-05-05T16:53:13	ok		321.386950258	10	2	4	4	3150	2	1	1	3	gpu	true	1.0	0.0	-1.0	0.0	-3.545762503126504	2.2983245964516485	0.023687853499854694	-0.02411295572916667	0.002363206990973919	0.0007595754286315098	0.5251025390625	107541	204800	1032356	/n/holylabs/kaxiras_lab/axzhu/projects/tJ_julia/training_sweep_results/models_gpu_only_mc/M10_h2_up04_dn04_gpu_mc_J00_seed1032356.jls
2026-05-05T16:58:35	ok		325.362772323	10	2	4	4	3150	2	1	1	3	gpu	true	1.0	0.1	-1.0	0.1	-5.140803085458479	0.5985559714075093	0.012088499863792507	-0.04482421875	0.0020029157763532747	0.0006992804226211748	0.4077001953125	83497	204800	1032456	/n/holylabs/kaxiras_lab/axzhu/projects/tJ_julia/training_sweep_results/models_gpu_only_mc/M10_h2_up04_dn04_gpu_mc_J01_seed1032456.jls
2026-05-05T17:04:01	ok		268.543156501	10	2	4	4	3150	2	1	1	3	gpu	true	1.0	0.2	-1.0	0.2	-5.002081965095585	2.359516542769651	0.024001121712320488	-0.0389404296875	0.0018670740247888691	0.0006751508122880546	0.4737255859375	97019	204800	1032556	/n/holylabs/kaxiras_lab/axzhu/projects/tJ_julia/training_sweep_results/models_gpu_only_mc/M10_h2_up04_dn04_gpu_mc_J02_seed1032556.jls
2026-05-05T17:08:31	ok		261.247615677	10	2	4	4	3150	2	1	1	3	gpu	true	1.0	0.3	-1.0	0.3	-5.66349750184027	1.6340041021486513	0.019973151547793742	-0.04144694010416666	0.0019653566738527667	0.0006926928660686031	0.5345263671875	109471	204800	1032656	/n/holylabs/kaxiras_lab/axzhu/projects/tJ_julia/training_sweep_results/models_gpu_only_mc/M10_h2_up04_dn04_gpu_mc_J03_seed1032656.jls
2026-05-05T17:12:53	ok		262.151006549	10	2	4	4	3150	2	1	1	3	gpu	true	1.0	0.4	-1.0	0.4	-6.277130402986108	2.0837097236320035	0.022554782070463342	-0.04946695963541666	0.001945245577447727	0.0006891396600519912	0.47451171875	97180	204800	1032756	/n/holylabs/kaxiras_lab/axzhu/projects/tJ_julia/training_sweep_results/models_gpu_only_mc/M10_h2_up04_dn04_gpu_mc_J04_seed1032756.jls
2026-05-05T17:17:16	ok		264.931230415	10	2	4	4	3150	2	1	1	3	gpu	true	1.0	0.5	-1.0	0.5	-6.955060869781075	3.008001827914459	0.027099362469773684	-0.05102945963541667	0.001927375715827865	0.0006859669903661817	0.5042822265625	103277	204800	1032856	/n/holylabs/kaxiras_lab/axzhu/projects/tJ_julia/training_sweep_results/models_gpu_only_mc/M10_h2_up04_dn04_gpu_mc_J05_seed1032856.jls
2026-05-05T17:21:41	ok		270.545072012	10	2	4	4	3150	2	1	1	3	gpu	true	1.0	0.6	-1.0	0.6	-7.249477564244543	1.8876509472791136	0.021467470322573286	-0.05874430338541667	0.0021753839045912595	0.0007287657964544236	0.49060546875	100476	204800	1032956	/n/holylabs/kaxiras_lab/axzhu/projects/tJ_julia/training_sweep_results/models_gpu_only_mc/M10_h2_up04_dn04_gpu_mc_J06_seed1032956.jls
2026-05-05T17:26:12	ok		269.604245959	10	2	4	4	3150	2	1	1	3	gpu	true	1.0	0.7	-1.0	0.7	-8.202088744299202	1.7087710228880422	0.0204249951165178	-0.057177734375	0.002022541622150997	0.0007026980686756284	0.47666015625	97620	204800	1033056	/n/holylabs/kaxiras_lab/axzhu/projects/tJ_julia/training_sweep_results/models_gpu_only_mc/M10_h2_up04_dn04_gpu_mc_J07_seed1033056.jls
2026-05-05T17:30:43	ok		272.000943406	10	2	4	4	3150	2	1	1	3	gpu	true	1.0	0.8	-1.0	0.8	-8.466826440049935	2.0407193643087527	0.02232089830297924	-0.06061197916666666	0.0021472959910459905	0.0007240457066470062	0.47544921875	97372	204800	1033156	/n/holylabs/kaxiras_lab/axzhu/projects/tJ_julia/training_sweep_results/models_gpu_only_mc/M10_h2_up04_dn04_gpu_mc_J08_seed1033156.jls
2026-05-05T17:35:16	ok		274.616214442	10	2	4	4	3150	2	1	1	3	gpu	true	1.0	0.9	-1.0	0.9	-9.22513492101034	2.941346921668868	0.02679743039543276	-0.05873209635416668	0.002102540718588896	0.0007164604700360252	0.4860595703125	99545	204800	1033256	/n/holylabs/kaxiras_lab/axzhu/projects/tJ_julia/training_sweep_results/models_gpu_only_mc/M10_h2_up04_dn04_gpu_mc_J09_seed1033256.jls
2026-05-05T17:39:51	ok		276.914719787	10	2	4	4	3150	2	1	1	3	gpu	true	1.0	1.0	-1.0	1.0	-9.494828271159633	2.1626572392891457	0.022978087171495076	-0.06538899739583329	0.0023235604877857477	0.0007531769444913441	0.4998291015625	102365	204800	1033356	/n/holylabs/kaxiras_lab/axzhu/projects/tJ_julia/training_sweep_results/models_gpu_only_mc/M10_h2_up04_dn04_gpu_mc_J10_seed1033356.jls
2026-05-05T17:44:29	ok		13.248105211	12	0	6	6	924	3	0	0	2	gpu	true	1.0	0.0	-1.0	0.0	0.0	0.0	0.0	-0.03255208333333333	0.0033914816322223743	0.0009099441990401338	0.469287109375	115332	245760	1212356	/n/holylabs/kaxiras_lab/axzhu/projects/tJ_julia/training_sweep_results/models_gpu_only_mc/M12_h0_up06_dn06_gpu_mc_J00_seed1212356.jls
2026-05-05T17:44:43	ok		304.34547461	12	0	6	6	924	3	0	0	2	gpu	true	1.0	0.1	-1.0	0.1	-1.1272226248302555	0.005454733099968716	0.0011540025772217972	-0.10199652777777773	0.0044195345121271065	0.0010387434322294325	0.4210896809895833	103487	245760	1212456	/n/holylabs/kaxiras_lab/axzhu/projects/tJ_julia/training_sweep_results/models_gpu_only_mc/M12_h0_up06_dn06_gpu_mc_J01_seed1212456.jls
2026-05-05T17:49:48	ok		303.867355693	12	0	6	6	924	3	0	0	2	gpu	true	1.0	0.2	-1.0	0.2	-2.278503942805262	0.007942679567184469	0.0013925267515229808	-0.12483723958333333	0.005355797376920065	0.0011434892736596287	0.3332438151041667	81898	245760	1212556	/n/holylabs/kaxiras_lab/axzhu/projects/tJ_julia/training_sweep_results/models_gpu_only_mc/M12_h0_up06_dn06_gpu_mc_J02_seed1212556.jls
2026-05-05T17:54:53	ok		308.462063637	12	0	6	6	924	3	0	0	2	gpu	true	1.0	0.3	-1.0	0.3	-3.4045557627192577	0.033658173391508776	0.00286658812670417	-0.10974121093749997	0.00496352788064666	0.0011008173322518142	0.38736165364583336	95198	245760	1212656	/n/holylabs/kaxiras_lab/axzhu/projects/tJ_julia/training_sweep_results/models_gpu_only_mc/M12_h0_up06_dn06_gpu_mc_J03_seed1212656.jls
2026-05-05T18:00:02	ok		332.765423703	12	0	6	6	924	3	0	0	2	gpu	true	1.0	0.4	-1.0	0.4	-4.540208626479647	0.04138935029490808	0.0031788082435627966	-0.11672634548611108	0.004844929282501616	0.0010875863474275255	0.3605550130208333	88610	245760	1212756	/n/holylabs/kaxiras_lab/axzhu/projects/tJ_julia/training_sweep_results/models_gpu_only_mc/M12_h0_up06_dn06_gpu_mc_J04_seed1212756.jls
2026-05-05T18:05:36	ok		311.363164872	12	0	6	6	924	3	0	0	2	gpu	true	1.0	0.5	-1.0	0.5	-5.670090963644753	0.09577268804488313	0.004835494175077434	-0.11467827690972218	0.004783847387742787	0.0010807087910941324	0.35472412109375	87177	245760	1212856	/n/holylabs/kaxiras_lab/axzhu/projects/tJ_julia/training_sweep_results/models_gpu_only_mc/M12_h0_up06_dn06_gpu_mc_J05_seed1212856.jls
2026-05-05T18:10:48	ok		314.045542549	12	0	6	6	924	3	0	0	2	gpu	true	1.0	0.6	-1.0	0.6	-6.780782258971234	0.1757272191724572	0.006549973520425536	-0.11128743489583329	0.005194500022787782	0.0011261387490562268	0.3765950520833333	92552	245760	1212956	/n/holylabs/kaxiras_lab/axzhu/projects/tJ_julia/training_sweep_results/models_gpu_only_mc/M12_h0_up06_dn06_gpu_mc_J06_seed1212956.jls
2026-05-05T18:16:03	ok		316.645499314	12	0	6	6	924	3	0	0	2	gpu	true	1.0	0.7	-1.0	0.7	-7.57234724062182	0.7725283815534724	0.013733374017432978	-0.06372070312499997	0.0033611619567204087	0.0009058676398017226	0.6473103841145833	159083	245760	1213056	/n/holylabs/kaxiras_lab/axzhu/projects/tJ_julia/training_sweep_results/models_gpu_only_mc/M12_h0_up06_dn06_gpu_mc_J07_seed1213056.jls
2026-05-05T18:21:20	ok		319.377185515	12	0	6	6	924	3	0	0	2	gpu	true	1.0	0.8	-1.0	0.8	-9.120264028959445	0.06154861006457273	0.003876405052241842	-0.12569173177083334	0.005526059324254491	0.0011615229559550553	0.33534342447916665	82414	245760	1213156	/n/holylabs/kaxiras_lab/axzhu/projects/tJ_julia/training_sweep_results/models_gpu_only_mc/M12_h0_up06_dn06_gpu_mc_J08_seed1213156.jls
2026-05-05T18:26:40	ok		322.850675317	12	0	6	6	924	3	0	0	2	gpu	true	1.0	0.9	-1.0	0.9	-10.077391996213452	0.7058979409770448	0.013127770735976037	-0.09452311197916663	0.004969046704886548	0.0011014291480550133	0.4502360026041667	110650	245760	1213256	/n/holylabs/kaxiras_lab/axzhu/projects/tJ_julia/training_sweep_results/models_gpu_only_mc/M12_h0_up06_dn06_gpu_mc_J09_seed1213256.jls
2026-05-05T18:32:04	ok		325.671266663	12	0	6	6	924	3	0	0	2	gpu	true	1.0	1.0	-1.0	1.0	-11.351813502492575	0.3174657464684511	0.008803765430706295	-0.12091742621527776	0.00534857370116702	0.0011427178681815908	0.3523681640625	86598	245760	1213356	/n/holylabs/kaxiras_lab/axzhu/projects/tJ_julia/training_sweep_results/models_gpu_only_mc/M12_h0_up06_dn06_gpu_mc_J10_seed1213356.jls
2026-05-05T18:37:31	ok		327.134618835	12	1	6	5	5544	3	0	0	2	gpu	true	1.0	0.0	-1.0	0.0	-3.000118388066767	0.0004956933935898872	0.0003478777010953793	-0.018269856770833332	0.0025290772040084835	0.0007857801787140496	0.98878173828125	243003	245760	1222356	/n/holylabs/kaxiras_lab/axzhu/projects/tJ_julia/training_sweep_results/models_gpu_only_mc/M12_h1_up06_dn05_gpu_mc_J00_seed1222356.jls
2026-05-05T18:42:58	ok		330.891134179	12	1	6	5	5544	3	0	0	2	gpu	true	1.0	0.1	-1.0	0.1	-3.8898273401866392	0.012466663163323188	0.0017445970699156296	-0.057610405815972224	0.002444939193641632	0.0007725988498714349	0.6653279622395833	163511	245760	1222456	/n/holylabs/kaxiras_lab/axzhu/projects/tJ_julia/training_sweep_results/models_gpu_only_mc/M12_h1_up06_dn05_gpu_mc_J01_seed1222456.jls
2026-05-05T18:48:30	ok		333.56446686	12	1	6	5	5544	3	0	0	2	gpu	true	1.0	0.2	-1.0	0.2	-4.804360586528674	0.038820387781728936	0.0030785765762400105	-0.06513129340277782	0.002465602076785526	0.0007758567084376575	0.6102457682291667	149974	245760	1222556	/n/holylabs/kaxiras_lab/axzhu/projects/tJ_julia/training_sweep_results/models_gpu_only_mc/M12_h1_up06_dn05_gpu_mc_J02_seed1222556.jls
2026-05-05T18:54:04	ok		336.276963283	12	1	6	5	5544	3	0	0	2	gpu	true	1.0	0.3	-1.0	0.3	-5.746544700540426	0.032020230172806405	0.002795968348717992	-0.07107883029513892	0.0026358590098507994	0.0008021971491328396	0.57977294921875	142485	245760	1222656	/n/holylabs/kaxiras_lab/axzhu/projects/tJ_julia/training_sweep_results/models_gpu_only_mc/M12_h1_up06_dn05_gpu_mc_J03_seed1222656.jls
2026-05-05T18:59:41	ok		339.638469308	12	1	6	5	5544	3	0	0	2	gpu	true	1.0	0.4	-1.0	0.4	-6.652655362718088	0.08428937321710613	0.004536348780471201	-0.06806098090277783	0.002475512112737228	0.0007774143518090834	0.59171142578125	145419	245760	1222756	/n/holylabs/kaxiras_lab/axzhu/projects/tJ_julia/training_sweep_results/models_gpu_only_mc/M12_h1_up06_dn05_gpu_mc_J04_seed1222756.jls
2026-05-05T19:05:22	ok		340.706716636	12	1	6	5	5544	3	0	0	2	gpu	true	1.0	0.5	-1.0	0.5	-7.5908906293985865	0.12328641365337593	0.005486275793591107	-0.07390679253472228	0.0024119100186989384	0.0007673625084723129	0.5586222330729167	137287	245760	1222856	/n/holylabs/kaxiras_lab/axzhu/projects/tJ_julia/training_sweep_results/models_gpu_only_mc/M12_h1_up06_dn05_gpu_mc_J05_seed1222856.jls
2026-05-05T19:11:03	ok		343.884180095	12	1	6	5	5544	3	0	0	2	gpu	true	1.0	0.6	-1.0	0.6	-8.547329592175082	0.06593913104831128	0.004012283722033079	-0.07889811197916671	0.0027181554493656635	0.0008146239440719189	0.5419759114583333	133196	245760	1222956	/n/holylabs/kaxiras_lab/axzhu/projects/tJ_julia/training_sweep_results/models_gpu_only_mc/M12_h1_up06_dn05_gpu_mc_J06_seed1222956.jls
2026-05-05T19:16:48	ok		349.978086764	12	1	6	5	5544	3	0	0	2	gpu	true	1.0	0.7	-1.0	0.7	-9.48617929837501	0.07235131637301799	0.004202843751423713	-0.07880995008680561	0.002717742301188662	0.0008145620320154495	0.5297119140625	130182	245760	1223056	/n/holylabs/kaxiras_lab/axzhu/projects/tJ_julia/training_sweep_results/models_gpu_only_mc/M12_h1_up06_dn05_gpu_mc_J07_seed1223056.jls
2026-05-05T19:22:39	ok		342.511864706	12	1	6	5	5544	3	0	0	2	gpu	true	1.0	0.8	-1.0	0.8	-10.413292258647516	0.14187495147381635	0.005885358045579062	-0.07791476779513894	0.0026010605339354255	0.0007968842729140967	0.524365234375	128868	245760	1223156	/n/holylabs/kaxiras_lab/axzhu/projects/tJ_julia/training_sweep_results/models_gpu_only_mc/M12_h1_up06_dn05_gpu_mc_J08_seed1223156.jls
2026-05-05T19:28:22	ok		362.541558429	12	1	6	5	5544	3	0	0	2	gpu	true	1.0	0.9	-1.0	0.9	-11.371370807904702	0.09302654086649645	0.0047656644687529654	-0.07853868272569449	0.002725389015649614	0.0008157071641519593	0.5321818033854167	130789	245760	1223256	/n/holylabs/kaxiras_lab/axzhu/projects/tJ_julia/training_sweep_results/models_gpu_only_mc/M12_h1_up06_dn05_gpu_mc_J09_seed1223256.jls
2026-05-05T19:34:25	ok		347.009531678	12	1	6	5	5544	3	0	0	2	gpu	true	1.0	1.0	-1.0	1.0	-12.29794159228311	0.12222471323022574	0.005462601749942337	-0.08035617404513891	0.002772680658174185	0.0008227539053763627	0.5180908203125	127326	245760	1223356	/n/holylabs/kaxiras_lab/axzhu/projects/tJ_julia/training_sweep_results/models_gpu_only_mc/M12_h1_up06_dn05_gpu_mc_J10_seed1223356.jls
2026-05-05T19:40:14	ok		348.192842836	12	2	5	5	16632	3	0	0	2	gpu	true	1.0	0.0	-1.0	0.0	-3.982281669263976	1.6849492298208837	0.020282124101329704	-0.022311740451388888	0.0020223581643033315	0.0007026661982811384	0.6357584635416667	156244	245760	1232356	/n/holylabs/kaxiras_lab/axzhu/projects/tJ_julia/training_sweep_results/models_gpu_only_mc/M12_h2_up05_dn05_gpu_mc_J00_seed1232356.jls
2026-05-05T19:46:03	ok		350.800213408	12	2	5	5	16632	3	0	0	2	gpu	true	1.0	0.1	-1.0	0.1	-4.720671267722359	1.1241774582804371	0.0165667554842672	-0.032738579644097224	0.002115857987694332	0.0007187258806575262	0.5537312825520834	136085	245760	1232456	/n/holylabs/kaxiras_lab/axzhu/projects/tJ_julia/training_sweep_results/models_gpu_only_mc/M12_h2_up05_dn05_gpu_mc_J01_seed1232456.jls
2026-05-05T19:51:54	ok		353.182886667	12	2	5	5	16632	3	0	0	2	gpu	true	1.0	0.2	-1.0	0.2	-5.491188971983794	1.1750753128917013	0.016937639189434	-0.03671264648437499	0.00198157742377148	0.0006955455058624554	0.6185099283854166	152005	245760	1232556	/n/holylabs/kaxiras_lab/axzhu/projects/tJ_julia/training_sweep_results/models_gpu_only_mc/M12_h2_up05_dn05_gpu_mc_J02_seed1232556.jls
2026-05-05T19:57:48	ok		386.971951123	12	2	5	5	16632	3	0	0	2	gpu	true	1.0	0.3	-1.0	0.3	-5.846023760087027	2.0125507494821604	0.02216631222875815	-0.035552978515625	0.00209677496735444	0.0007154774287245318	0.7179484049479167	176443	245760	1232656	/n/holylabs/kaxiras_lab/axzhu/projects/tJ_julia/training_sweep_results/models_gpu_only_mc/M12_h2_up05_dn05_gpu_mc_J03_seed1232656.jls
2026-05-05T20:04:16	ok		368.400625575	12	2	5	5	16632	3	0	0	2	gpu	true	1.0	0.4	-1.0	0.4	-6.748214281787776	2.2043880254378436	0.02319872130685032	-0.04908921983506944	0.0019687300381484867	0.0006932870848139647	0.59656982421875	146613	245760	1232756	/n/holylabs/kaxiras_lab/axzhu/projects/tJ_julia/training_sweep_results/models_gpu_only_mc/M12_h2_up05_dn05_gpu_mc_J04_seed1232756.jls
2026-05-05T20:10:25	ok		373.086142507	12	2	5	5	16632	3	0	0	2	gpu	true	1.0	0.5	-1.0	0.5	-7.730080516720744	1.615150281828265	0.01985758795207713	-0.05373467339409722	0.0019751106726486945	0.0006944096442767934	0.50977783203125	125283	245760	1232856	/n/holylabs/kaxiras_lab/axzhu/projects/tJ_julia/training_sweep_results/models_gpu_only_mc/M12_h2_up05_dn05_gpu_mc_J05_seed1232856.jls
2026-05-05T20:16:39	ok		391.953505201	12	2	5	5	16632	3	0	0	2	gpu	true	1.0	0.6	-1.0	0.6	-8.122837582410101	2.424755152895139	0.024330664571683813	-0.0487060546875	0.002046298585379169	0.0007068129990111148	0.65430908203125	160803	245760	1232956	/n/holylabs/kaxiras_lab/axzhu/projects/tJ_julia/training_sweep_results/models_gpu_only_mc/M12_h2_up05_dn05_gpu_mc_J06_seed1232956.jls
2026-05-05T20:23:12	ok		404.312715913	12	2	5	5	16632	3	0	0	2	gpu	true	1.0	0.7	-1.0	0.7	-9.109789961906138	2.1348542848466328	0.02282990712610073	-0.059702555338541664	0.002043661712336888	0.0007063574504020595	0.5308064778645833	130451	245760	1233056	/n/holylabs/kaxiras_lab/axzhu/projects/tJ_julia/training_sweep_results/models_gpu_only_mc/M12_h2_up05_dn05_gpu_mc_J07_seed1233056.jls
2026-05-05T20:29:57	ok		429.664932881	12	2	5	5	16632	3	0	0	2	gpu	true	1.0	0.8	-1.0	0.8	-9.943935545411783	2.2043387774618557	0.023198462165438322	-0.06084526909722222	0.002172829113294971	0.000728337736038735	0.5198038736979167	127747	245760	1233156	/n/holylabs/kaxiras_lab/axzhu/projects/tJ_julia/training_sweep_results/models_gpu_only_mc/M12_h2_up05_dn05_gpu_mc_J08_seed1233156.jls
2026-05-05T20:37:07	ok		419.652110694	12	2	5	5	16632	3	0	0	2	gpu	true	1.0	0.9	-1.0	0.9	-10.783597756811577	1.9473801884478517	0.021804463220182153	-0.0638699001736111	0.0021143366055294587	0.000718467438604103	0.48965250651041664	120337	245760	1233256	/n/holylabs/kaxiras_lab/axzhu/projects/tJ_julia/training_sweep_results/models_gpu_only_mc/M12_h2_up05_dn05_gpu_mc_J09_seed1233256.jls
2026-05-05T20:44:08	ok		436.873660591	12	2	5	5	16632	3	0	0	2	gpu	true	1.0	1.0	-1.0	1.0	-11.352785695603087	2.4133295956753638	0.02427327328192843	-0.06604003906249997	0.00202962729049607	0.0007039278906384993	0.5270833333333333	129536	245760	1233356	/n/holylabs/kaxiras_lab/axzhu/projects/tJ_julia/training_sweep_results/models_gpu_only_mc/M12_h2_up05_dn05_gpu_mc_J10_seed1233356.jls
2026-05-05T20:51:26	ok		20.149464528	14	0	7	7	3432	2	1	1	4	gpu	true	1.0	0.0	-1.0	0.0	0.0	0.0	0.0	-0.020263671875000003	0.002599701986194864	0.000796676137287515	0.5218889508928571	149636	286720	1412356	/n/holylabs/kaxiras_lab/axzhu/projects/tJ_julia/training_sweep_results/models_gpu_only_mc/M14_h0_up07_dn07_gpu_mc_J00_seed1412356.jls
2026-05-05T20:51:47	ok		429.231903704	14	0	7	7	3432	2	1	1	4	gpu	true	1.0	0.1	-1.0	0.1	-1.2978961443977708	0.009909919279228544	0.0015554465231985336	-0.09624953497023803	0.0024556533461853377	0.0007742898312137579	0.40848214285714285	117120	286720	1412456	/n/holylabs/kaxiras_lab/axzhu/projects/tJ_julia/training_sweep_results/models_gpu_only_mc/M14_h0_up07_dn07_gpu_mc_J01_seed1412456.jls
2026-05-05T20:58:57	ok		446.29116183	14	0	7	7	3432	2	1	1	4	gpu	true	1.0	0.2	-1.0	0.2	-2.5854363738430584	0.03437007622319016	0.0028967450509886582	-0.08804175967261899	0.0022415228094570146	0.0007397612991043742	0.45065569196428573	129212	286720	1412556	/n/holylabs/kaxiras_lab/axzhu/projects/tJ_julia/training_sweep_results/models_gpu_only_mc/M14_h0_up07_dn07_gpu_mc_J02_seed1412556.jls
2026-05-05T21:06:24	ok		422.355002435	14	0	7	7	3432	2	1	1	4	gpu	true	1.0	0.3	-1.0	0.3	-3.875061323003415	0.0694440575747811	0.004117537567386974	-0.09188988095238088	0.002333330564623081	0.0007547587577356635	0.4226806640625	121191	286720	1412656	/n/holylabs/kaxiras_lab/axzhu/projects/tJ_julia/training_sweep_results/models_gpu_only_mc/M14_h0_up07_dn07_gpu_mc_J03_seed1412656.jls
2026-05-05T21:13:27	ok		424.820920076	14	0	7	7	3432	2	1	1	4	gpu	true	1.0	0.4	-1.0	0.4	-5.149198627128701	0.1945223260915315	0.0068913570701597164	-0.08844866071428564	0.0023560253364675143	0.0007584203967200607	0.447509765625	128310	286720	1412756	/n/holylabs/kaxiras_lab/axzhu/projects/tJ_julia/training_sweep_results/models_gpu_only_mc/M14_h0_up07_dn07_gpu_mc_J04_seed1412756.jls
2026-05-05T21:20:33	ok		426.549251126	14	0	7	7	3432	2	1	1	4	gpu	true	1.0	0.5	-1.0	0.5	-6.436036460401892	0.32235184760315505	0.008871255916934141	-0.09550548735119041	0.002229570849694681	0.0007377864330049994	0.4036342075892857	115730	286720	1412856	/n/holylabs/kaxiras_lab/axzhu/projects/tJ_julia/training_sweep_results/models_gpu_only_mc/M14_h0_up07_dn07_gpu_mc_J05_seed1412856.jls
2026-05-05T21:27:40	ok		456.451444903	14	0	7	7	3432	2	1	1	4	gpu	true	1.0	0.6	-1.0	0.6	-7.715368686817566	0.3104467903840068	0.00870589877230349	-0.0895182291666666	0.0021899957327253246	0.000731209222408261	0.43875906808035714	125801	286720	1412956	/n/holylabs/kaxiras_lab/axzhu/projects/tJ_julia/training_sweep_results/models_gpu_only_mc/M14_h0_up07_dn07_gpu_mc_J06_seed1412956.jls
2026-05-05T21:35:17	ok		458.823980775	14	0	7	7	3432	2	1	1	4	gpu	true	1.0	0.7	-1.0	0.7	-9.065533206168459	0.3671780100532273	0.009468002369066624	-0.08932059151785708	0.0024194362367326886	0.000768558829878082	0.4387974330357143	125812	286720	1413056	/n/holylabs/kaxiras_lab/axzhu/projects/tJ_julia/training_sweep_results/models_gpu_only_mc/M14_h0_up07_dn07_gpu_mc_J07_seed1413056.jls
2026-05-05T21:42:57	ok		439.868793165	14	0	7	7	3432	2	1	1	4	gpu	true	1.0	0.8	-1.0	0.8	-10.360214663936196	0.4939509163445187	0.010981506519402223	-0.09009951636904756	0.0023319759515018895	0.0007545396386437501	0.437158203125	125342	286720	1413156	/n/holylabs/kaxiras_lab/axzhu/projects/tJ_julia/training_sweep_results/models_gpu_only_mc/M14_h0_up07_dn07_gpu_mc_J08_seed1413156.jls
2026-05-05T21:50:18	ok		430.414891642	14	0	7	7	3432	2	1	1	4	gpu	true	1.0	0.9	-1.0	0.9	-11.655757242742157	0.5611077803248398	0.011704238727096652	-0.09247116815476183	0.0023961364854753475	0.0007648491741181752	0.42548828125	121996	286720	1413256	/n/holylabs/kaxiras_lab/axzhu/projects/tJ_julia/training_sweep_results/models_gpu_only_mc/M14_h0_up07_dn07_gpu_mc_J09_seed1413256.jls
2026-05-05T21:57:29	ok		444.259710984	14	0	7	7	3432	2	1	1	4	gpu	true	1.0	1.0	-1.0	1.0	-12.919642702532755	0.9939158638229341	0.015577395167072896	-0.09495907738095231	0.002474041610946373	0.000777183417973167	0.3974574497767857	113959	286720	1413356	/n/holylabs/kaxiras_lab/axzhu/projects/tJ_julia/training_sweep_results/models_gpu_only_mc/M14_h0_up07_dn07_gpu_mc_J10_seed1413356.jls
2026-05-05T22:04:55	ok		432.019695813	14	1	7	6	24024	2	1	1	4	gpu	true	1.0	0.0	-1.0	0.0	-3.000309260780341	0.0006064871947160729	0.00038479626138058923	-0.017043340773809527	0.002297643944380765	0.0007489647712733791	0.9869524274553572	282979	286720	1422356	/n/holylabs/kaxiras_lab/axzhu/projects/tJ_julia/training_sweep_results/models_gpu_only_mc/M14_h1_up07_dn06_gpu_mc_J00_seed1422356.jls
2026-05-05T22:12:08	ok		440.732159349	14	1	7	6	24024	2	1	1	4	gpu	true	1.0	0.1	-1.0	0.1	-4.034764312625885	0.0758537958414811	0.004303369973098013	-0.05058361235119048	0.0020466997006245513	0.0007068822703235602	0.7165073939732143	205437	286720	1422456	/n/holylabs/kaxiras_lab/axzhu/projects/tJ_julia/training_sweep_results/models_gpu_only_mc/M14_h1_up07_dn06_gpu_mc_J01_seed1422456.jls
2026-05-05T22:19:29	ok		466.757264964	14	1	7	6	24024	2	1	1	4	gpu	true	1.0	0.2	-1.0	0.2	-5.139001304263685	0.09670500738492668	0.0048589732396449375	-0.06272088913690477	0.002053295936493746	0.0007080204469120531	0.626904296875	179746	286720	1422556	/n/holylabs/kaxiras_lab/axzhu/projects/tJ_julia/training_sweep_results/models_gpu_only_mc/M14_h1_up07_dn06_gpu_mc_J02_seed1422556.jls
2026-05-05T22:27:17	ok		472.865380603	14	1	7	6	24024	2	1	1	4	gpu	true	1.0	0.3	-1.0	0.3	-6.240791700001466	0.14822110025379648	0.006015545865019195	-0.06760370163690477	0.001977176953593302	0.0006947727809765325	0.5931187220982143	170059	286720	1422656	/n/holylabs/kaxiras_lab/axzhu/projects/tJ_julia/training_sweep_results/models_gpu_only_mc/M14_h1_up07_dn06_gpu_mc_J03_seed1422656.jls
2026-05-05T22:35:11	ok		466.675159228	14	1	7	6	24024	2	1	1	4	gpu	true	1.0	0.4	-1.0	0.4	-7.354705483201268	0.1805481641443611	0.0066392124259438265	-0.0695568266369048	0.0018440560668584692	0.0006709761550888888	0.5620884486607143	161162	286720	1422756	/n/holylabs/kaxiras_lab/axzhu/projects/tJ_julia/training_sweep_results/models_gpu_only_mc/M14_h1_up07_dn06_gpu_mc_J04_seed1422756.jls
2026-05-05T22:42:59	ok		458.288757237	14	1	7	6	24024	2	1	1	4	gpu	true	1.0	0.5	-1.0	0.5	-8.465584106094298	0.19663863210377228	0.006928742926459318	-0.07158551897321429	0.001889204801702809	0.0006791403691732106	0.5584542410714286	160120	286720	1422856	/n/holylabs/kaxiras_lab/axzhu/projects/tJ_julia/training_sweep_results/models_gpu_only_mc/M14_h1_up07_dn06_gpu_mc_J05_seed1422856.jls
2026-05-05T22:50:38	ok		456.124507128	14	1	7	6	24024	2	1	1	4	gpu	true	1.0	0.6	-1.0	0.6	-9.572969208169482	0.2819796839923044	0.008297149889400798	-0.07014973958333334	0.0019353538818356	0.0006873852677411115	0.5608258928571429	160800	286720	1422956	/n/holylabs/kaxiras_lab/axzhu/projects/tJ_julia/training_sweep_results/models_gpu_only_mc/M14_h1_up07_dn06_gpu_mc_J06_seed1422956.jls
2026-05-05T22:58:15	ok		479.071482714	14	1	7	6	24024	2	1	1	4	gpu	true	1.0	0.7	-1.0	0.7	-10.682740177595129	0.3785571465912146	0.009613593415939523	-0.07383510044642856	0.0019406105107768587	0.0006883181408205304	0.5344098772321428	153226	286720	1423056	/n/holylabs/kaxiras_lab/axzhu/projects/tJ_julia/training_sweep_results/models_gpu_only_mc/M14_h1_up07_dn06_gpu_mc_J07_seed1423056.jls
2026-05-05T23:06:15	ok		546.231942374	14	1	7	6	24024	2	1	1	4	gpu	true	1.0	0.8	-1.0	0.8	-11.817859021772982	0.4246973948016713	0.010182626743760756	-0.0760498046875	0.0020539257572400912	0.0007081290264324674	0.5310930524553571	152275	286720	1423156	/n/holylabs/kaxiras_lab/axzhu/projects/tJ_julia/training_sweep_results/models_gpu_only_mc/M14_h1_up07_dn06_gpu_mc_J08_seed1423156.jls
2026-05-05T23:15:22	ok		547.478737991	14	1	7	6	24024	2	1	1	4	gpu	true	1.0	0.9	-1.0	0.9	-12.923801337164518	0.47124236610649556	0.010726108604135922	-0.07754371279761904	0.002018917018119824	0.0007020681324678611	0.5215262276785714	149532	286720	1423256	/n/holylabs/kaxiras_lab/axzhu/projects/tJ_julia/training_sweep_results/models_gpu_only_mc/M14_h1_up07_dn06_gpu_mc_J09_seed1423256.jls
2026-05-05T23:24:30	ok		551.006301919	14	1	7	6	24024	2	1	1	4	gpu	true	1.0	1.0	-1.0	1.0	-14.029083012082223	0.5828886985026571	0.011929241851763894	-0.07479422433035714	0.001910292964532043	0.0006829202869251694	0.5353690011160714	153501	286720	1423356	/n/holylabs/kaxiras_lab/axzhu/projects/tJ_julia/training_sweep_results/models_gpu_only_mc/M14_h1_up07_dn06_gpu_mc_J10_seed1423356.jls
2026-05-05T23:33:44	ok		550.279189876	14	2	6	6	84084	2	1	1	4	gpu	true	1.0	0.0	-1.0	0.0	-3.9778320963768152	2.252576857941732	0.02345091729460557	-0.02227783203125	0.0019320473736138923	0.0006867978256544674	0.6069161551339286	174015	286720	1432356	/n/holylabs/kaxiras_lab/axzhu/projects/tJ_julia/training_sweep_results/models_gpu_only_mc/M14_h2_up06_dn06_gpu_mc_J00_seed1432356.jls
2026-05-05T23:42:56	ok		490.360228241	14	2	6	6	84084	2	1	1	4	gpu	true	1.0	0.1	-1.0	0.1	-5.006379490995134	1.619880371275974	0.019886643916673028	-0.03140113467261904	0.0018914561700621429	0.0006795449150123028	0.5745326450892857	164730	286720	1432456	/n/holylabs/kaxiras_lab/axzhu/projects/tJ_julia/training_sweep_results/models_gpu_only_mc/M14_h2_up06_dn06_gpu_mc_J01_seed1432456.jls
2026-05-05T23:51:07	ok		494.30753027	14	2	6	6	84084	2	1	1	4	gpu	true	1.0	0.2	-1.0	0.2	-5.541356828400441	1.6941887111441893	0.02033765696452487	-0.03192719959077381	0.0019161723082463742	0.0006839703977095518	0.6076241629464286	174218	286720	1432556	/n/holylabs/kaxiras_lab/axzhu/projects/tJ_julia/training_sweep_results/models_gpu_only_mc/M14_h2_up06_dn06_gpu_mc_J02_seed1432556.jls
2026-05-05T23:59:23	ok		506.502588499	14	2	6	6	84084	2	1	1	4	gpu	true	1.0	0.3	-1.0	0.3	-6.489305754766683	2.2622405521679423	0.023501166403109154	-0.05152529761904761	0.0017620418130622213	0.000655885652775805	0.5551513671875	159173	286720	1432656	/n/holylabs/kaxiras_lab/axzhu/projects/tJ_julia/training_sweep_results/models_gpu_only_mc/M14_h2_up06_dn06_gpu_mc_J03_seed1432656.jls
2026-05-06T00:07:50	ok		501.241715891	14	2	6	6	84084	2	1	1	4	gpu	true	1.0	0.4	-1.0	0.4	-7.315581485781951	2.3642633749258306	0.02402525209064416	-0.0571405319940476	0.001635402385096795	0.0006318766971680648	0.5595319475446429	160429	286720	1432756	/n/holylabs/kaxiras_lab/axzhu/projects/tJ_julia/training_sweep_results/models_gpu_only_mc/M14_h2_up06_dn06_gpu_mc_J04_seed1432756.jls
2026-05-06T00:16:12	ok		502.304325518	14	2	6	6	84084	2	1	1	4	gpu	true	1.0	0.5	-1.0	0.5	-8.25798421420469	2.5637493743396957	0.025018300793512183	-0.057806105840773794	0.0016757524080289613	0.0006396242961625564	0.5532435825892857	158626	286720	1432856	/n/holylabs/kaxiras_lab/axzhu/projects/tJ_julia/training_sweep_results/models_gpu_only_mc/M14_h2_up06_dn06_gpu_mc_J05_seed1432856.jls
2026-05-06T00:24:35	ok		524.607496645	14	2	6	6	84084	2	1	1	4	gpu	true	1.0	0.6	-1.0	0.6	-9.142451337327895	2.4047843231300927	0.024230260989910588	-0.06422351655505952	0.0017169688780825914	0.0006474425495753524	0.5452462332589286	156333	286720	1432956	/n/holylabs/kaxiras_lab/axzhu/projects/tJ_julia/training_sweep_results/models_gpu_only_mc/M14_h2_up06_dn06_gpu_mc_J06_seed1432956.jls
2026-05-06T00:33:21	ok		530.214520852	14	2	6	6	84084	2	1	1	4	gpu	true	1.0	0.7	-1.0	0.7	-10.179290192806874	2.7451742963435404	0.025888386748564446	-0.06215704055059523	0.0017543102099629785	0.0006544451016733511	0.5193464006696429	148907	286720	1433056	/n/holylabs/kaxiras_lab/axzhu/projects/tJ_julia/training_sweep_results/models_gpu_only_mc/M14_h2_up06_dn06_gpu_mc_J07_seed1433056.jls
2026-05-06T00:42:13	ok		529.651072571	14	2	6	6	84084	2	1	1	4	gpu	true	1.0	0.8	-1.0	0.8	-11.12461675700429	2.468829681999068	0.024550796760630877	-0.06381370907738093	0.001673343449292109	0.0006391643885181896	0.5342075892857143	153168	286720	1433156	/n/holylabs/kaxiras_lab/axzhu/projects/tJ_julia/training_sweep_results/models_gpu_only_mc/M14_h2_up06_dn06_gpu_mc_J08_seed1433156.jls
2026-05-06T00:51:03	ok		499.514083357	14	2	6	6	84084	2	1	1	4	gpu	true	1.0	0.9	-1.0	0.9	-12.044018362845712	2.434867931592814	0.024381348990807027	-0.06504894438244047	0.0015882957053578127	0.0006227098089727447	0.5380510602678571	154270	286720	1433256	/n/holylabs/kaxiras_lab/axzhu/projects/tJ_julia/training_sweep_results/models_gpu_only_mc/M14_h2_up06_dn06_gpu_mc_J09_seed1433256.jls
2026-05-06T00:59:24	ok		510.384421751	14	2	6	6	84084	2	1	1	4	gpu	true	1.0	1.0	-1.0	1.0	-12.718154901748179	3.3920969846835014	0.02877757248103539	-0.0565214611235119	0.0018022393406250566	0.0006633248367276693	0.6033447265625	172991	286720	1433356	/n/holylabs/kaxiras_lab/axzhu/projects/tJ_julia/training_sweep_results/models_gpu_only_mc/M14_h2_up06_dn06_gpu_mc_J10_seed1433356.jls
2026-05-06T01:07:56	ok		23.795405134	16	0	8	8	12870	4	0	0	2	gpu	true	1.0	0.0	-1.0	0.0	0.0	0.0	0.0	-0.022898356119791664	0.0024597829369252706	0.000774940606488827	0.5080474853515625	166477	327680	1612356	/n/holylabs/kaxiras_lab/axzhu/projects/tJ_julia/training_sweep_results/models_gpu_only_mc/M16_h0_up08_dn08_gpu_mc_J00_seed1612356.jls
2026-05-06T01:08:21	ok		522.217765194	16	0	8	8	12870	4	0	0	2	gpu	true	1.0	0.1	-1.0	0.1	-1.4741492057378707	0.012631530448233202	0.0017560950254294852	-0.088134765625	0.0021357386103479847	0.0007220945638674954	0.41025390625	134432	327680	1612456	/n/holylabs/kaxiras_lab/axzhu/projects/tJ_julia/training_sweep_results/models_gpu_only_mc/M16_h0_up08_dn08_gpu_mc_J01_seed1612456.jls
2026-05-06T01:17:04	ok		547.359838252	16	0	8	8	12870	4	0	0	2	gpu	true	1.0	0.2	-1.0	0.2	-2.9239628848902814	0.07446800350691911	0.004263879092877919	-0.084381103515625	0.0022217176740390444	0.0007364859411512474	0.4089508056640625	134005	327680	1612556	/n/holylabs/kaxiras_lab/axzhu/projects/tJ_julia/training_sweep_results/models_gpu_only_mc/M16_h0_up08_dn08_gpu_mc_J02_seed1612556.jls
2026-05-06T01:26:13	ok		572.409921275	16	0	8	8	12870	4	0	0	2	gpu	true	1.0	0.3	-1.0	0.3	-4.4397794330261995	0.10179612840711141	0.004985235241379531	-0.08985392252604166	0.002136195587377636	0.0007221718118457811	0.406304931640625	133138	327680	1612656	/n/holylabs/kaxiras_lab/axzhu/projects/tJ_julia/training_sweep_results/models_gpu_only_mc/M16_h0_up08_dn08_gpu_mc_J03_seed1612656.jls
2026-05-06T01:35:46	ok		544.571919203	16	0	8	8	12870	4	0	0	2	gpu	true	1.0	0.4	-1.0	0.4	-5.913888427453145	0.1930088139054087	0.006864495062083967	-0.08861287434895834	0.002161866621349451	0.000726498085408966	0.4175445556640625	136821	327680	1612756	/n/holylabs/kaxiras_lab/axzhu/projects/tJ_julia/training_sweep_results/models_gpu_only_mc/M16_h0_up08_dn08_gpu_mc_J04_seed1612756.jls
